ckpt_name,epoch,step,avg_loss,acc_mean,acc_median,acc_std,lr
ckpt_e1_s1000.safetensors,1,1000,5793162.949359,556.793701,4.401145,2307.171631,0.00003000
ckpt_e1_s2000.safetensors,1,2000,5993343.127316,556.910278,7.231979,2305.156982,0.00003000
ckpt_e1_s3000.safetensors,1,3000,6003705.244665,558.622620,9.947581,2302.881348,0.00003000
ckpt_e1_s4000.safetensors,1,4000,5975055.942967,558.018066,9.888557,2301.130127,0.00002999
ckpt_e1_s5000.safetensors,1,5000,5925087.090066,555.385681,7.616165,2299.835938,0.00002999
ckpt_e1_s6000.safetensors,1,6000,5904849.175397,553.750549,6.735224,2298.155273,0.00002998
ckpt_e1_s7000.safetensors,1,7000,5909454.484005,552.334656,6.166303,2296.406006,0.00002998
ckpt_e1_s8000.safetensors,1,8000,5897172.623351,551.234070,5.879266,2294.500488,0.00002997
ckpt_e1_s9000.safetensors,1,9000,5902731.365403,549.741455,4.838594,2292.593262,0.00002996
ckpt_e1_s10000.safetensors,1,10000,5925711.280684,548.024902,3.816379,2290.723389,0.00002995
ckpt_e1_s11000.safetensors,1,11000,5920222.986056,547.503723,4.472500,2288.529297,0.00002994
ckpt_e1_s12000.safetensors,1,12000,5894447.187343,546.120850,3.782643,2286.431885,0.00002993
ckpt_e1_s13000.safetensors,1,13000,5907830.971260,544.567932,3.469549,2284.224854,0.00002992
ckpt_e1_s14000.safetensors,1,14000,5869595.363168,543.583374,3.430730,2282.040039,0.00002991
ckpt_e1_s15000.safetensors,1,15000,5876022.195908,542.589050,3.510023,2279.460205,0.00002989
ckpt_e1_s16000.safetensors,1,16000,5869939.397440,541.049194,3.123631,2277.142578,0.00002988
ckpt_e1_s17000.safetensors,1,17000,5879687.594883,540.223328,3.376509,2274.524414,0.00002986
ckpt_e1_s18000.safetensors,1,18000,5849686.197472,538.807068,3.011619,2272.041748,0.00002984
ckpt_e1_s19000.safetensors,1,19000,5858795.925613,537.660950,3.120078,2269.335693,0.00002983
ckpt_e1_s20000.safetensors,1,20000,5853915.524606,537.273621,3.683565,2266.458740,0.00002981
ckpt_e1_s21000.safetensors,1,21000,5849057.084494,535.163086,2.951872,2263.966797,0.00002979
ckpt_e1_s22000.safetensors,1,22000,5841347.303370,534.162292,3.274648,2261.121582,0.00002977
ckpt_e1_s23000.safetensors,1,23000,5835506.102244,532.648071,2.899355,2258.398926,0.00002975
ckpt_e1_s24000.safetensors,1,24000,5833373.757613,531.391785,2.996806,2255.455322,0.00002972
ckpt_e1_s25000.safetensors,1,25000,5822280.979425,530.282166,3.198984,2252.512451,0.00002970
ckpt_e1_s26000.safetensors,1,26000,5806677.431343,529.057129,3.331414,2249.527100,0.00002967
ckpt_e1_s27000.safetensors,1,27000,5808219.813338,528.249512,3.722444,2246.296631,0.00002965
ckpt_e1_s28000.safetensors,1,28000,5804661.684700,526.650146,3.629166,2243.278564,0.00002962
ckpt_e1_s29000.safetensors,1,29000,5801396.859582,524.962463,3.082201,2240.379883,0.00002960
ckpt_e1_s30000.safetensors,1,30000,5794823.974376,523.935181,3.482704,2237.057129,0.00002957
ckpt_e1_s31000.safetensors,1,31000,5788525.079051,522.138550,3.154515,2233.842529,0.00002954
ckpt_e1_s32000.safetensors,1,32000,5784792.690147,520.648376,3.165757,2230.456055,0.00002951
ckpt_e1_s33000.safetensors,1,33000,5778883.717769,519.685242,3.587799,2227.130127,0.00002948
ckpt_e1_s34000.safetensors,1,34000,5767343.590563,517.595764,2.961451,2223.988770,0.00002944
ckpt_e1_s35000.safetensors,1,35000,5753423.476749,516.400085,3.367136,2220.508789,0.00002941
ckpt_e1_s36000.safetensors,1,36000,5757817.061934,514.887634,3.308704,2216.883545,0.00002938
ckpt_e1_s37000.safetensors,1,37000,5749743.860073,513.168030,3.052752,2213.448242,0.00002934
ckpt_e2_s38000.safetensors,2,38000,5739365.288948,511.729614,3.284623,2209.861572,0.00002931
ckpt_e2_s39000.safetensors,2,39000,5699548.673473,510.149292,3.035859,2206.376953,0.00002927
ckpt_e2_s40000.safetensors,2,40000,5720636.147884,509.114410,3.615613,2202.645996,0.00002923
ckpt_e2_s41000.safetensors,2,41000,5728269.565813,507.281128,3.288936,2199.015137,0.00002919
ckpt_e2_s42000.safetensors,2,42000,5726046.666798,505.325684,2.875993,2195.433838,0.00002915
ckpt_e2_s43000.safetensors,2,43000,5714238.897560,504.309387,3.674152,2191.583496,0.00002911
ckpt_e2_s44000.safetensors,2,44000,5713217.972836,502.503357,3.367204,2187.881592,0.00002907
ckpt_e2_s45000.safetensors,2,45000,5685834.860205,501.167145,3.529082,2184.109863,0.00002903
ckpt_e2_s46000.safetensors,2,46000,5683523.120690,499.021881,3.099127,2180.315674,0.00002899
ckpt_e2_s47000.safetensors,2,47000,5673254.523194,497.313507,2.904956,2176.732910,0.00002894
ckpt_e2_s48000.safetensors,2,48000,5680718.334916,495.394806,2.683032,2172.834961,0.00002890
ckpt_e2_s49000.safetensors,2,49000,5663020.879398,494.855713,3.822854,2168.804199,0.00002885
ckpt_e2_s50000.safetensors,2,50000,5656723.243240,492.334198,2.742837,2165.150391,0.00002881
ckpt_e2_s51000.safetensors,2,51000,5659853.911665,491.211121,3.236212,2161.030762,0.00002876
ckpt_e2_s52000.safetensors,2,52000,5651323.961970,489.347198,2.894433,2157.188721,0.00002871
ckpt_e2_s53000.safetensors,2,53000,5646733.664604,487.771606,2.979688,2153.183594,0.00002866
ckpt_e2_s54000.safetensors,2,54000,5630912.896037,486.032715,2.921716,2149.135010,0.00002861
ckpt_e2_s55000.safetensors,2,55000,5626915.765064,484.401764,2.962175,2145.022461,0.00002856
ckpt_e2_s56000.safetensors,2,56000,5604569.870285,482.697754,2.901148,2141.052734,0.00002851
ckpt_e2_s57000.safetensors,2,57000,5608370.496307,481.004211,2.932426,2136.808350,0.00002845
ckpt_e2_s58000.safetensors,2,58000,5598802.796118,479.967285,3.353319,2132.415527,0.00002840
ckpt_e2_s59000.safetensors,2,59000,5589401.274444,477.691040,2.944458,2128.388916,0.00002835
ckpt_e2_s60000.safetensors,2,60000,5578062.232390,475.785675,2.803629,2124.244873,0.00002829
ckpt_e2_s61000.safetensors,2,61000,5568829.101035,476.210358,4.795449,2119.644531,0.00002823
ckpt_e2_s62000.safetensors,2,62000,5566645.674324,472.998962,3.247620,2115.667480,0.00002818
ckpt_e2_s63000.safetensors,2,63000,5555486.196755,471.384125,3.426913,2111.501465,0.00002812
ckpt_e2_s64000.safetensors,2,64000,5538595.107061,469.330872,3.037277,2107.498047,0.00002806
ckpt_e2_s65000.safetensors,2,65000,5538097.303986,467.819519,3.147935,2103.143555,0.00002800
ckpt_e2_s66000.safetensors,2,66000,5527961.037046,465.921753,2.968495,2098.842529,0.00002794
ckpt_e2_s67000.safetensors,2,67000,5516514.110352,463.974396,2.727239,2094.588379,0.00002788
ckpt_e2_s68000.safetensors,2,68000,5508314.606684,462.175507,2.623976,2090.330322,0.00002782
ckpt_e2_s69000.safetensors,2,69000,5497004.745471,460.463745,2.760793,2085.925049,0.00002775
ckpt_e2_s70000.safetensors,2,70000,5483554.242375,458.980164,2.821478,2081.683350,0.00002769
ckpt_e2_s71000.safetensors,2,71000,5485797.772850,457.084717,2.647625,2077.206543,0.00002763
ckpt_e2_s72000.safetensors,2,72000,5473357.329250,455.045044,2.529538,2072.899170,0.00002756
ckpt_e2_s73000.safetensors,2,73000,5459377.343096,453.738403,2.738912,2068.619873,0.00002749
ckpt_e2_s74000.safetensors,2,74000,5452862.523614,451.971588,2.508535,2064.191162,0.00002743
ckpt_e3_s75000.safetensors,3,75000,4748820.074371,450.362854,2.801215,2059.885010,0.00002736
ckpt_e3_s76000.safetensors,3,76000,4820194.475408,448.426971,2.673915,2055.530273,0.00002729
ckpt_e3_s77000.safetensors,3,77000,4596762.168576,447.290039,2.978703,2051.155762,0.00002722
ckpt_e3_s78000.safetensors,3,78000,4651577.616557,444.857574,2.522731,2046.825806,0.00002715
ckpt_e3_s79000.safetensors,3,79000,4633224.562294,443.636078,2.677961,2042.437988,0.00002708
ckpt_e3_s80000.safetensors,3,80000,4629602.986721,441.420563,2.601775,2038.053101,0.00002701
ckpt_e3_s81000.safetensors,3,81000,4612525.594588,440.076752,3.055802,2033.604126,0.00002694
ckpt_e3_s82000.safetensors,3,82000,4622724.457502,438.160889,2.818885,2029.122437,0.00002686
ckpt_e3_s83000.safetensors,3,83000,4608735.639417,436.597534,3.176751,2024.607422,0.00002679
ckpt_e3_s84000.safetensors,3,84000,4601038.156809,434.608002,2.705024,2020.274292,0.00002672
ckpt_e3_s85000.safetensors,3,85000,4577575.655524,432.878052,2.596925,2015.843994,0.00002664
ckpt_e3_s86000.safetensors,3,86000,4575667.334033,431.309845,2.862946,2011.297363,0.00002656
ckpt_e3_s87000.safetensors,3,87000,4560694.257705,429.374237,2.680867,2006.798584,0.00002649
ckpt_e3_s88000.safetensors,3,88000,4565962.013250,428.135193,3.389776,2002.172607,0.00002641
ckpt_e3_s89000.safetensors,3,89000,4545448.496094,426.169373,3.026344,1997.754272,0.00002633
ckpt_e3_s90000.safetensors,3,90000,4547486.044748,424.597351,3.131733,1993.142334,0.00002625
ckpt_e3_s91000.safetensors,3,91000,4534062.726438,422.363922,2.563083,1988.794067,0.00002617
ckpt_e3_s92000.safetensors,3,92000,4521254.912990,420.601196,2.340427,1984.381836,0.00002609
ckpt_e3_s93000.safetensors,3,93000,4511488.004992,419.242157,2.807072,1979.750732,0.00002601
ckpt_e3_s94000.safetensors,3,94000,4509923.532161,417.055969,2.321093,1975.328857,0.00002593
ckpt_e3_s95000.safetensors,3,95000,4497792.030997,415.540131,2.415516,1970.844971,0.00002585
ckpt_e3_s96000.safetensors,3,96000,4482918.740003,413.920868,2.468995,1966.469604,0.00002576
ckpt_e3_s97000.safetensors,3,97000,4477118.745487,412.422974,2.586421,1962.054565,0.00002568
ckpt_e3_s98000.safetensors,3,98000,4463689.286920,410.554077,2.306373,1957.656616,0.00002560
ckpt_e3_s99000.safetensors,3,99000,4453577.605380,408.904083,2.438250,1953.216187,0.00002551
ckpt_e3_s100000.safetensors,3,100000,4445319.930081,407.285828,2.358975,1948.694336,0.00002543
ckpt_e3_s101000.safetensors,3,101000,4435183.484257,405.952332,2.595380,1944.312988,0.00002534
ckpt_e3_s102000.safetensors,3,102000,4431551.969092,404.741211,3.220785,1939.791382,0.00002525
ckpt_e3_s103000.safetensors,3,103000,4424512.396678,402.546387,2.511379,1935.474854,0.00002516
ckpt_e3_s104000.safetensors,3,104000,4413664.523779,400.794800,2.235726,1931.201660,0.00002508
ckpt_e3_s105000.safetensors,3,105000,4406155.292591,399.592468,2.735214,1926.708984,0.00002499
ckpt_e3_s106000.safetensors,3,106000,4395176.316849,397.664948,2.306292,1922.365234,0.00002490
ckpt_e3_s107000.safetensors,3,107000,4384521.684448,396.239532,2.422729,1918.050049,0.00002481
ckpt_e3_s108000.safetensors,3,108000,4380145.758827,396.066833,3.868692,1913.336670,0.00002472
ckpt_e3_s109000.safetensors,3,109000,4369112.653688,394.396484,3.918530,1908.944702,0.00002463
ckpt_e3_s110000.safetensors,3,110000,4360867.884714,392.384277,3.224513,1904.692505,0.00002453
ckpt_e3_s111000.safetensors,3,111000,4353987.987593,390.181671,2.839322,1900.274536,0.00002444
ckpt_e4_s112000.safetensors,4,112000,3859532.278402,388.492004,2.635427,1896.082764,0.00002435
ckpt_e4_s113000.safetensors,4,113000,3962731.658451,387.070648,2.606555,1891.868652,0.00002426
ckpt_e4_s114000.safetensors,4,114000,3952937.305074,385.845367,3.117512,1887.286865,0.00002416
ckpt_e4_s115000.safetensors,4,115000,3949771.134272,383.947845,2.654871,1883.023315,0.00002407
ckpt_e4_s116000.safetensors,4,116000,3971411.595338,382.342041,2.668261,1878.676392,0.00002397
ckpt_e4_s117000.safetensors,4,117000,3920737.032609,380.668091,2.613229,1874.463623,0.00002388
ckpt_e4_s118000.safetensors,4,118000,3922960.324093,379.118805,2.647239,1870.212280,0.00002378
ckpt_e4_s119000.safetensors,4,119000,3915653.300595,377.598785,2.518172,1865.944580,0.00002368
ckpt_e4_s120000.safetensors,4,120000,3910204.005481,376.423370,2.309712,1862.111694,0.00002358
ckpt_e4_s121000.safetensors,4,121000,3900931.821800,374.377594,2.327257,1857.419067,0.00002349
ckpt_e4_s122000.safetensors,4,122000,3896803.387082,372.847595,2.359840,1853.162720,0.00002339
ckpt_e4_s123000.safetensors,4,123000,3892639.195386,371.698242,2.644397,1848.980591,0.00002329
ckpt_e4_s124000.safetensors,4,124000,3882786.599287,370.495209,2.902195,1844.689819,0.00002319
ckpt_e4_s125000.safetensors,4,125000,3875826.602863,368.521667,2.301311,1840.562012,0.00002309
ckpt_e4_s126000.safetensors,4,126000,3868133.228822,367.304871,2.609065,1836.284790,0.00002299
ckpt_e4_s127000.safetensors,4,127000,3858139.778164,366.073425,2.638336,1832.064697,0.00002289
ckpt_e4_s128000.safetensors,4,128000,3847491.440916,364.502655,2.380710,1828.028076,0.00002279
ckpt_e4_s129000.safetensors,4,129000,3843975.620831,363.419434,2.594355,1823.784668,0.00002269
ckpt_e4_s130000.safetensors,4,130000,3834663.809578,361.782349,2.646520,1819.614990,0.00002258
ckpt_e4_s131000.safetensors,4,131000,3829596.793272,360.099518,2.164994,1815.502197,0.00002248
ckpt_e4_s132000.safetensors,4,132000,3822244.617809,358.822876,2.196768,1811.511841,0.00002238
ckpt_e4_s133000.safetensors,4,133000,3811838.929275,357.556488,2.072475,1807.534180,0.00002228
ckpt_e4_s134000.safetensors,4,134000,3807696.344809,356.133911,2.399549,1803.315796,0.00002217
ckpt_e4_s135000.safetensors,4,135000,3793344.690826,354.923615,2.389584,1799.476685,0.00002207
ckpt_e4_s136000.safetensors,4,136000,3785375.955959,353.570007,2.193756,1795.515625,0.00002196
ckpt_e4_s137000.safetensors,4,137000,3784716.425220,352.085236,2.315033,1791.304321,0.00002186
ckpt_e4_s138000.safetensors,4,138000,3774446.239883,351.069763,2.500985,1787.377686,0.00002175
ckpt_e4_s139000.safetensors,4,139000,3765307.769656,349.810791,2.651223,1783.349976,0.00002165
ckpt_e4_s140000.safetensors,4,140000,3758024.136053,348.630249,2.622295,1779.449219,0.00002154
ckpt_e4_s141000.safetensors,4,141000,3750743.754345,347.225128,2.500533,1775.541748,0.00002143
ckpt_e4_s142000.safetensors,4,142000,3745385.845743,346.228790,2.656171,1771.653076,0.00002133
ckpt_e4_s143000.safetensors,4,143000,3735787.629526,346.073120,4.355146,1767.333862,0.00002122
ckpt_e4_s144000.safetensors,4,144000,3725239.224523,343.734192,2.820427,1763.830811,0.00002111
ckpt_e4_s145000.safetensors,4,145000,3723374.369296,342.433533,2.879031,1759.980713,0.00002100
ckpt_e4_s146000.safetensors,4,146000,3717843.686472,341.136505,2.831322,1756.168701,0.00002090
ckpt_e4_s147000.safetensors,4,147000,3705313.201332,339.514893,2.369214,1752.523438,0.00002079
ckpt_e4_s148000.safetensors,4,148000,3702385.684544,338.508484,2.520138,1748.664917,0.00002068
ckpt_e5_s149000.safetensors,5,149000,3648178.796391,338.207214,3.355291,1744.687622,0.00002057
ckpt_e5_s150000.safetensors,5,150000,3578746.674480,336.345886,2.785450,1740.951538,0.00002046
ckpt_e5_s151000.safetensors,5,151000,3654459.533544,335.134918,2.537250,1737.332153,0.00002035
ckpt_e5_s152000.safetensors,5,152000,3633333.294875,333.982147,2.805128,1733.546753,0.00002024
ckpt_e5_s153000.safetensors,5,153000,3582432.090400,332.885406,2.964503,1729.923950,0.00002013
ckpt_e5_s154000.safetensors,5,154000,3600718.925204,331.919434,2.927339,1726.154419,0.00002002
ckpt_e5_s155000.safetensors,5,155000,3603031.966443,330.086517,2.308595,1722.512207,0.00001991
ckpt_e5_s156000.safetensors,5,156000,3598891.529133,329.076935,2.633390,1718.671021,0.00001980
ckpt_e5_s157000.safetensors,5,157000,3577179.896329,327.781128,2.511681,1715.076416,0.00001969
ckpt_e5_s158000.safetensors,5,158000,3583620.772994,326.950684,2.293748,1711.693848,0.00001957
ckpt_e5_s159000.safetensors,5,159000,3574268.032710,326.088776,2.971058,1707.674927,0.00001946
ckpt_e5_s160000.safetensors,5,160000,3565023.856994,324.272430,2.355513,1704.168701,0.00001935
ckpt_e5_s161000.safetensors,5,161000,3550053.388862,323.516205,2.643297,1700.634399,0.00001924
ckpt_e5_s162000.safetensors,5,162000,3541713.846692,322.848083,2.752692,1697.289917,0.00001913
ckpt_e5_s163000.safetensors,5,163000,3543722.096832,323.089813,3.818867,1693.242798,0.00001901
ckpt_e5_s164000.safetensors,5,164000,3537807.014361,321.220306,3.341073,1689.805054,0.00001890
ckpt_e5_s165000.safetensors,5,165000,3523768.267512,320.333801,3.611312,1686.530029,0.00001879
ckpt_e5_s166000.safetensors,5,166000,3524542.051827,319.539429,3.677455,1683.034302,0.00001867
ckpt_e5_s167000.safetensors,5,167000,3506643.104380,318.889709,4.061887,1679.648438,0.00001856
ckpt_e5_s168000.safetensors,5,168000,3511473.606651,317.513428,3.689119,1676.206421,0.00001845
ckpt_e5_s169000.safetensors,5,169000,3508345.208065,316.030365,3.445709,1672.758301,0.00001833
ckpt_e5_s170000.safetensors,5,170000,3494999.486330,315.082397,3.735615,1669.349243,0.00001822
ckpt_e5_s171000.safetensors,5,171000,3491280.587614,313.911438,3.242998,1666.077271,0.00001811
ckpt_e5_s172000.safetensors,5,172000,3487605.298287,313.209229,3.870556,1662.453979,0.00001799
ckpt_e5_s173000.safetensors,5,173000,3483556.663572,312.391541,3.582065,1659.368164,0.00001788
ckpt_e5_s174000.safetensors,5,174000,3467156.863913,310.908966,3.306179,1656.003296,0.00001777
ckpt_e5_s175000.safetensors,5,175000,3467564.522588,309.693451,3.336218,1652.673340,0.00001765
ckpt_e5_s176000.safetensors,5,176000,3457914.887009,309.027893,3.652472,1649.518066,0.00001754
ckpt_e5_s177000.safetensors,5,177000,3452737.434261,308.179840,3.736695,1646.263672,0.00001742
ckpt_e5_s178000.safetensors,5,178000,3441847.167163,306.874084,3.339569,1643.254761,0.00001731
ckpt_e5_s179000.safetensors,5,179000,3439052.937643,306.210358,3.507817,1639.993286,0.00001719
ckpt_e5_s180000.safetensors,5,180000,3431445.806886,304.624390,3.097686,1636.942383,0.00001708
ckpt_e5_s181000.safetensors,5,181000,3423992.597248,303.843933,2.891109,1634.082275,0.00001696
ckpt_e5_s182000.safetensors,5,182000,3421858.507541,302.821167,2.971284,1630.883179,0.00001685
ckpt_e5_s183000.safetensors,5,183000,3413530.959727,302.471222,3.390689,1627.861938,0.00001674
ckpt_e5_s184000.safetensors,5,184000,3410589.044628,302.016174,3.849782,1624.646606,0.00001662
ckpt_e5_s185000.safetensors,5,185000,3403683.526479,300.887665,4.035968,1621.648682,0.00001651
ckpt_e6_s186000.safetensors,6,186000,3220442.970740,299.975006,3.682978,1618.871094,0.00001639
ckpt_e6_s187000.safetensors,6,187000,3287808.620594,298.393066,2.897686,1615.767822,0.00001628
ckpt_e6_s188000.safetensors,6,188000,3260673.870607,297.680389,3.155601,1612.810181,0.00001616
ckpt_e6_s189000.safetensors,6,189000,3311602.212597,296.906769,3.228913,1609.679199,0.00001605
ckpt_e6_s190000.safetensors,6,190000,3260554.520118,296.024200,2.960651,1606.940186,0.00001593
ckpt_e6_s191000.safetensors,6,191000,3238487.755154,295.697601,3.842561,1604.117554,0.00001582
ckpt_e6_s192000.safetensors,6,192000,3240126.743118,294.705994,3.505108,1601.210938,0.00001570
ckpt_e6_s193000.safetensors,6,193000,3237849.542937,293.686340,3.254124,1598.424194,0.00001559
ckpt_e6_s194000.safetensors,6,194000,3219649.780103,293.205231,3.151527,1595.685791,0.00001547
ckpt_e6_s195000.safetensors,6,195000,3228691.308751,292.309479,3.356385,1592.870361,0.00001536
ckpt_e6_s196000.safetensors,6,196000,3225221.603814,291.416534,3.575588,1590.079590,0.00001525
ckpt_e6_s197000.safetensors,6,197000,3198608.423038,290.584900,3.532183,1587.539917,0.00001513
ckpt_e6_s198000.safetensors,6,198000,3211754.551930,289.877350,3.546664,1584.771362,0.00001502
ckpt_e6_s199000.safetensors,6,199000,3205599.196207,288.988831,3.625632,1582.111572,0.00001490
ckpt_e6_s200000.safetensors,6,200000,3207257.676396,288.213806,3.278215,1579.450928,0.00001479
ckpt_e6_s201000.safetensors,6,201000,3203770.428482,287.251831,3.329381,1576.845703,0.00001468
ckpt_e6_s202000.safetensors,6,202000,3196134.794302,286.680176,3.254996,1574.402222,0.00001456
ckpt_e6_s203000.safetensors,6,203000,3190655.696509,286.245392,3.666884,1571.651367,0.00001445
ckpt_e6_s204000.safetensors,6,204000,3188321.791472,285.011230,3.291345,1568.962646,0.00001434
ckpt_e6_s205000.safetensors,6,205000,3190061.343827,284.106537,3.636415,1566.078857,0.00001422
ckpt_e6_s206000.safetensors,6,206000,3181107.510974,283.715576,3.871432,1563.547241,0.00001411
ckpt_e6_s207000.safetensors,6,207000,3171805.466640,282.451813,3.175512,1561.169556,0.00001400
ckpt_e6_s208000.safetensors,6,208000,3167198.465501,281.468811,3.117158,1558.425171,0.00001389
ckpt_e6_s209000.safetensors,6,209000,3161971.665207,280.804230,3.042896,1556.053101,0.00001377
ckpt_e6_s210000.safetensors,6,210000,3166015.470089,279.890472,2.931928,1553.488770,0.00001366
ckpt_e6_s211000.safetensors,6,211000,3154359.081604,279.176788,2.923681,1551.028198,0.00001355
ckpt_e6_s212000.safetensors,6,212000,3153243.614369,278.613586,2.992233,1548.603394,0.00001344
ckpt_e6_s213000.safetensors,6,213000,3147545.632297,277.699188,2.734923,1546.325928,0.00001333
ckpt_e6_s214000.safetensors,6,214000,3144919.441628,276.911865,2.955757,1543.788330,0.00001321
ckpt_e6_s215000.safetensors,6,215000,3136850.374687,276.061066,2.576157,1541.467529,0.00001310
ckpt_e6_s216000.safetensors,6,216000,3129330.805724,275.464600,2.700610,1539.092773,0.00001299
ckpt_e6_s217000.safetensors,6,217000,3127395.464617,274.804474,2.698266,1536.746094,0.00001288
ckpt_e6_s218000.safetensors,6,218000,3125133.930835,274.032043,2.687838,1534.358643,0.00001277
ckpt_e6_s219000.safetensors,6,219000,3116942.046840,273.693970,2.974064,1532.020142,0.00001266
ckpt_e6_s220000.safetensors,6,220000,3117793.365538,272.618408,2.689946,1529.708496,0.00001255
ckpt_e6_s221000.safetensors,6,221000,3109944.964256,271.986755,2.769540,1527.589355,0.00001244
ckpt_e6_s222000.safetensors,6,222000,3105852.979470,271.905121,3.420568,1525.199585,0.00001233
ckpt_e7_s223000.safetensors,7,223000,2627881.763824,270.759735,2.764765,1523.163452,0.00001222
ckpt_e7_s224000.safetensors,7,224000,2597076.403012,270.656250,3.130292,1521.162476,0.00001212
ckpt_e7_s225000.safetensors,7,225000,2588108.256691,269.785645,2.964097,1518.869019,0.00001201
ckpt_e7_s226000.safetensors,7,226000,2624346.298823,269.685364,3.347556,1516.636353,0.00001190
ckpt_e7_s227000.safetensors,7,227000,2584524.874587,268.800140,3.166273,1514.562134,0.00001179
ckpt_e7_s228000.safetensors,7,228000,2576190.348659,268.406250,2.842561,1513.099243,0.00001168
ckpt_e7_s229000.safetensors,7,229000,2589391.655707,267.287720,2.751948,1510.556152,0.00001158
ckpt_e7_s230000.safetensors,7,230000,2582331.532967,266.511230,2.619863,1508.429077,0.00001147
ckpt_e7_s231000.safetensors,7,231000,2573591.517407,265.889679,2.578992,1506.441406,0.00001136
ckpt_e7_s232000.safetensors,7,232000,2571124.060105,265.781952,3.017724,1504.434570,0.00001126
ckpt_e7_s233000.safetensors,7,233000,2570460.150964,265.388306,2.764248,1502.799438,0.00001115
ckpt_e7_s234000.safetensors,7,234000,2560809.883996,264.449860,2.905548,1500.476074,0.00001105
ckpt_e7_s235000.safetensors,7,235000,2561663.292024,263.748627,2.732265,1498.486694,0.00001094
ckpt_e7_s236000.safetensors,7,236000,2559899.821062,263.799988,3.473062,1496.463989,0.00001084
ckpt_e7_s237000.safetensors,7,237000,2556416.643488,262.977997,3.262899,1494.532471,0.00001073
ckpt_e7_s238000.safetensors,7,238000,2555775.526081,262.765228,3.436945,1492.660767,0.00001063
ckpt_e7_s239000.safetensors,7,239000,2545902.064901,261.989563,3.200500,1490.800781,0.00001053
ckpt_e7_s240000.safetensors,7,240000,2555012.363676,261.438934,3.259503,1488.885986,0.00001043
ckpt_e7_s241000.safetensors,7,241000,2541952.942494,260.541595,2.735168,1487.206421,0.00001032
ckpt_e7_s242000.safetensors,7,242000,2540632.903949,260.874786,3.086574,1485.723511,0.00001022
ckpt_e7_s243000.safetensors,7,243000,2532601.361804,259.878540,3.154259,1483.687866,0.00001012
ckpt_e7_s244000.safetensors,7,244000,2536661.878447,259.034729,2.849823,1481.895386,0.00001002
ckpt_e7_s245000.safetensors,7,245000,2534336.226404,258.839386,3.053163,1480.194702,0.00000992
ckpt_e7_s246000.safetensors,7,246000,2529866.521850,259.049011,3.839277,1478.298096,0.00000982
ckpt_e7_s247000.safetensors,7,247000,2520743.097280,258.151825,3.406969,1476.701904,0.00000972
ckpt_e7_s248000.safetensors,7,248000,2524461.064450,257.613373,3.330771,1474.971558,0.00000962
ckpt_e7_s249000.safetensors,7,249000,2520782.081481,258.377472,3.375189,1473.986816,0.00000952
ckpt_e7_s250000.safetensors,7,250000,2518624.787060,256.815674,3.535034,1471.672363,0.00000943
ckpt_e7_s251000.safetensors,7,251000,2514768.889043,256.247467,3.304313,1470.093628,0.00000933
ckpt_e7_s252000.safetensors,7,252000,2511213.601213,255.405441,2.872846,1468.441895,0.00000923
ckpt_e7_s253000.safetensors,7,253000,2512524.619127,254.797836,2.731087,1466.902100,0.00000913
ckpt_e7_s254000.safetensors,7,254000,2506481.767719,254.609573,2.762668,1465.497314,0.00000904
ckpt_e7_s255000.safetensors,7,255000,2501238.616866,254.414444,3.102411,1463.753418,0.00000894
ckpt_e7_s256000.safetensors,7,256000,2503363.164085,254.264160,3.295471,1462.132568,0.00000885
ckpt_e7_s257000.safetensors,7,257000,2495534.262302,253.889023,3.046103,1460.790405,0.00000875
ckpt_e7_s258000.safetensors,7,258000,2496709.307939,253.483322,3.138955,1459.149658,0.00000866
ckpt_e7_s259000.safetensors,7,259000,2493176.162052,252.829239,2.955794,1457.682373,0.00000857
ckpt_e8_s260000.safetensors,8,260000,2702536.487690,252.308685,2.770039,1456.072998,0.00000848
ckpt_e8_s261000.safetensors,8,261000,2707950.418368,251.916275,2.932396,1454.528076,0.00000838
ckpt_e8_s262000.safetensors,8,262000,2608226.754343,251.823685,2.832201,1453.271240,0.00000829
ckpt_e8_s263000.safetensors,8,263000,2636292.461945,251.388321,3.221485,1451.553101,0.00000820
ckpt_e8_s264000.safetensors,8,264000,2607210.766583,250.792557,2.922913,1450.270996,0.00000811
ckpt_e8_s265000.safetensors,8,265000,2625058.895956,250.169525,2.746491,1448.748047,0.00000802
ckpt_e8_s266000.safetensors,8,266000,2621395.544026,249.749878,2.750983,1447.405273,0.00000793
ckpt_e8_s267000.safetensors,8,267000,2624122.466923,249.518082,3.110287,1445.951294,0.00000784
ckpt_e8_s268000.safetensors,8,268000,2633659.941247,248.818726,2.630938,1444.703735,0.00000776
ckpt_e8_s269000.safetensors,8,269000,2618951.618157,248.701035,2.835758,1443.420898,0.00000767
ckpt_e8_s270000.safetensors,8,270000,2603653.881008,248.312317,2.750947,1442.160400,0.00000758
ckpt_e8_s271000.safetensors,8,271000,2614812.362068,247.954514,2.802386,1440.750366,0.00000750
ckpt_e8_s272000.safetensors,8,272000,2602871.049845,247.574402,2.758671,1439.481812,0.00000741
ckpt_e8_s273000.safetensors,8,273000,2612531.580646,247.086441,2.517186,1438.297485,0.00000733
ckpt_e8_s274000.safetensors,8,274000,2607885.697643,247.167847,2.737166,1437.352783,0.00000724
ckpt_e8_s275000.safetensors,8,275000,2606728.638273,246.369766,2.554268,1435.665771,0.00000716
ckpt_e8_s276000.safetensors,8,276000,2605599.727688,246.105316,2.707408,1434.438110,0.00000708
ckpt_e8_s277000.safetensors,8,277000,2602927.673342,245.707153,2.640363,1433.274536,0.00000700
ckpt_e8_s278000.safetensors,8,278000,2596062.111757,245.549835,2.938155,1432.077881,0.00000692
ckpt_e8_s279000.safetensors,8,279000,2600071.699661,244.824142,2.513724,1430.894653,0.00000684
ckpt_e8_s280000.safetensors,8,280000,2593488.050988,244.900177,2.803701,1429.777588,0.00000676
ckpt_e8_s281000.safetensors,8,281000,2590893.983695,244.377716,2.579024,1428.635376,0.00000668
ckpt_e8_s282000.safetensors,8,282000,2593050.917529,244.169952,2.527985,1427.623291,0.00000660
ckpt_e8_s283000.safetensors,8,283000,2589648.281680,244.128281,2.798704,1426.481934,0.00000652
ckpt_e8_s284000.safetensors,8,284000,2577607.889784,243.516663,2.611410,1425.347046,0.00000644
ckpt_e8_s285000.safetensors,8,285000,2583693.012338,243.362167,2.711858,1424.264771,0.00000637
ckpt_e8_s286000.safetensors,8,286000,2586600.118017,242.918839,2.574020,1423.238525,0.00000629
ckpt_e8_s287000.safetensors,8,287000,2579506.729410,242.577835,2.526213,1422.161255,0.00000622
ckpt_e8_s288000.safetensors,8,288000,2577922.958373,242.426697,2.615880,1421.127319,0.00000614
ckpt_e8_s289000.safetensors,8,289000,2577134.208982,242.139282,2.646790,1420.103882,0.00000607
ckpt_e8_s290000.safetensors,8,290000,2576727.863573,241.809006,2.445785,1419.184326,0.00000600
ckpt_e8_s291000.safetensors,8,291000,2575388.265437,241.640442,2.652897,1418.123779,0.00000593
ckpt_e8_s292000.safetensors,8,292000,2573448.075927,241.452835,2.718450,1417.215820,0.00000586
ckpt_e8_s293000.safetensors,8,293000,2571973.095022,241.233521,2.744764,1416.201904,0.00000579
ckpt_e8_s294000.safetensors,8,294000,2568433.482452,240.842361,2.672542,1415.197021,0.00000572
ckpt_e8_s295000.safetensors,8,295000,2566228.203247,240.940247,2.842215,1414.551025,0.00000565
ckpt_e8_s296000.safetensors,8,296000,2564401.772184,240.513077,2.598092,1413.583130,0.00000558
ckpt_e9_s297000.safetensors,9,297000,2579176.225978,240.057114,2.442935,1412.636597,0.00000551
ckpt_e9_s298000.safetensors,9,298000,2498962.823490,239.911926,2.750190,1411.605591,0.00000545
ckpt_e9_s299000.safetensors,9,299000,2482758.349030,239.528473,2.597241,1410.778442,0.00000538
ckpt_e9_s300000.safetensors,9,300000,2519958.600941,239.271378,2.565683,1409.803467,0.00000532
ckpt_e9_s301000.safetensors,9,301000,2503818.297287,239.177673,2.585691,1409.054199,0.00000525
ckpt_e9_s302000.safetensors,9,302000,2502391.356919,238.843842,2.560225,1408.176758,0.00000519
ckpt_e9_s303000.safetensors,9,303000,2496728.492525,238.541687,2.466846,1407.338867,0.00000513
ckpt_e9_s304000.safetensors,9,304000,2493969.856865,238.498917,2.721862,1406.495483,0.00000507
ckpt_e9_s305000.safetensors,9,305000,2516053.406459,238.602524,3.025853,1405.617188,0.00000501
ckpt_e9_s306000.safetensors,9,306000,2490479.950561,238.374405,2.838911,1404.962036,0.00000500
ckpt_e9_s307000.safetensors,9,307000,2502147.516072,238.100815,2.726482,1404.248901,0.00000500
ckpt_e9_s308000.safetensors,9,308000,2489291.733042,237.539841,2.568052,1403.246704,0.00000500
ckpt_e9_s309000.safetensors,9,309000,2484011.536547,237.537415,2.782951,1402.461792,0.00000500
ckpt_e9_s310000.safetensors,9,310000,2487631.039366,237.375336,2.599914,1402.006958,0.00000500
ckpt_e9_s311000.safetensors,9,311000,2490415.379177,237.147156,2.841387,1400.880737,0.00000500
ckpt_e9_s312000.safetensors,9,312000,2487346.549828,237.021606,2.951859,1400.108154,0.00000500
ckpt_e9_s313000.safetensors,9,313000,2482616.356292,236.904480,2.630904,1399.639404,0.00000500
ckpt_e9_s314000.safetensors,9,314000,2488323.586802,236.134262,2.399264,1398.565674,0.00000500
ckpt_e9_s315000.safetensors,9,315000,2479569.220104,236.313614,2.660947,1397.860962,0.00000500
ckpt_e9_s316000.safetensors,9,316000,2480676.942745,236.049515,2.678207,1396.966553,0.00000500
ckpt_e9_s317000.safetensors,9,317000,2487214.757173,235.833679,2.770411,1396.103760,0.00000500
ckpt_e9_s318000.safetensors,9,318000,2481588.769566,235.587723,2.535794,1395.464233,0.00000500
ckpt_e9_s319000.safetensors,9,319000,2478762.239582,235.485001,2.549283,1394.818359,0.00000500
ckpt_e9_s320000.safetensors,9,320000,2480203.539156,235.524826,3.021590,1393.836060,0.00000500
ckpt_e9_s321000.safetensors,9,321000,2475175.178629,234.920395,2.530970,1393.069702,0.00000500
ckpt_e9_s322000.safetensors,9,322000,2475461.049700,234.703094,2.474275,1392.443604,0.00000500
ckpt_e9_s323000.safetensors,9,323000,2474142.208868,234.250656,2.402537,1391.468262,0.00000500
ckpt_e9_s324000.safetensors,9,324000,2473001.010879,234.199722,2.629490,1390.609253,0.00000500
ckpt_e9_s325000.safetensors,9,325000,2471149.719214,234.143677,2.795027,1389.831665,0.00000500
ckpt_e9_s326000.safetensors,9,326000,2469972.833789,233.729996,2.531844,1389.078247,0.00000500
ckpt_e9_s327000.safetensors,9,327000,2472079.033024,233.628967,2.607797,1388.344238,0.00000500
ckpt_e9_s328000.safetensors,9,328000,2467573.290040,233.638153,2.923374,1387.453125,0.00000500
ckpt_e9_s329000.safetensors,9,329000,2462564.916520,233.136887,2.410484,1386.899170,0.00000500
ckpt_e9_s330000.safetensors,9,330000,2467645.615672,232.831436,2.427876,1385.933716,0.00000500
ckpt_e9_s331000.safetensors,9,331000,2464680.337834,232.747620,2.460015,1385.228882,0.00000500
ckpt_e9_s332000.safetensors,9,332000,2462629.903040,233.111084,2.968643,1384.644653,0.00000500
ckpt_e9_s333000.safetensors,9,333000,2461171.126376,232.528244,2.813305,1383.559326,0.00000500
ckpt_e10_s334000.safetensors,10,334000,2333114.927472,231.987656,2.411870,1382.745117,0.00000500
ckpt_e10_s335000.safetensors,10,335000,2219308.296639,232.084167,2.737284,1381.988647,0.00000500
ckpt_e10_s336000.safetensors,10,336000,2276477.729116,231.788879,2.704067,1381.211304,0.00000500
ckpt_e10_s337000.safetensors,10,337000,2258459.111890,231.464005,2.477154,1380.492676,0.00000500
ckpt_e10_s338000.safetensors,10,338000,2266359.723060,231.233475,2.496431,1379.545410,0.00000500
ckpt_e10_s339000.safetensors,10,339000,2259859.068048,231.080917,2.666913,1378.654785,0.00000500
ckpt_e10_s340000.safetensors,10,340000,2255429.446871,230.642197,2.385695,1377.955688,0.00000500
ckpt_e10_s341000.safetensors,10,341000,2253244.358214,230.581161,2.486278,1377.158813,0.00000500
ckpt_e10_s342000.safetensors,10,342000,2264447.364776,230.423843,2.530198,1376.337524,0.00000500
ckpt_e10_s343000.safetensors,10,343000,2238225.568669,230.273422,2.778255,1375.343506,0.00000500
ckpt_e10_s344000.safetensors,10,344000,2245992.024525,230.145874,2.637525,1374.746338,0.00000500
ckpt_e10_s345000.safetensors,10,345000,2260711.348493,229.960236,2.715082,1373.799194,0.00000500
ckpt_e10_s346000.safetensors,10,346000,2257027.889842,229.912537,2.925569,1373.033081,0.00000500
ckpt_e10_s347000.safetensors,10,347000,2240713.526753,229.310593,2.554993,1372.146240,0.00000500
ckpt_e10_s348000.safetensors,10,348000,2245513.976916,229.602600,2.921886,1371.519775,0.00000500
ckpt_e10_s349000.safetensors,10,349000,2242258.147311,229.257233,2.789587,1370.700806,0.00000500
ckpt_e10_s350000.safetensors,10,350000,2248195.837260,228.827576,2.569229,1369.849121,0.00000500
ckpt_e10_s351000.safetensors,10,351000,2236069.909348,228.834793,2.947145,1369.017212,0.00000500
ckpt_e10_s352000.safetensors,10,352000,2244672.519700,228.134964,2.453411,1368.101440,0.00000500
ckpt_e10_s353000.safetensors,10,353000,2243040.930723,228.160324,2.762393,1367.321533,0.00000500
ckpt_e10_s354000.safetensors,10,354000,2242878.403890,228.001587,2.689032,1366.569458,0.00000500
ckpt_e10_s355000.safetensors,10,355000,2236530.280468,227.806198,2.821800,1365.694092,0.00000500
ckpt_e10_s356000.safetensors,10,356000,2236475.814716,227.621384,2.655177,1364.942017,0.00000500
ckpt_e10_s357000.safetensors,10,357000,2235411.074371,227.391953,2.477576,1364.357422,0.00000500
ckpt_e10_s358000.safetensors,10,358000,2233050.357910,227.300079,3.002457,1363.208740,0.00000500
ckpt_e10_s359000.safetensors,10,359000,2233266.966080,226.737534,2.443680,1362.456177,0.00000500
ckpt_e10_s360000.safetensors,10,360000,2236145.371111,226.644318,2.547181,1361.622559,0.00000500
ckpt_e10_s361000.safetensors,10,361000,2232505.424746,226.375717,2.664605,1360.805054,0.00000500
ckpt_e10_s362000.safetensors,10,362000,2230970.458012,226.300064,2.808459,1360.044312,0.00000500
ckpt_e10_s363000.safetensors,10,363000,2228681.238225,226.156555,2.710775,1359.395874,0.00000500
ckpt_e10_s364000.safetensors,10,364000,2226039.754548,225.949997,2.866380,1358.438232,0.00000500
ckpt_e10_s365000.safetensors,10,365000,2222340.598113,226.227875,2.851663,1358.066406,0.00000500
ckpt_e10_s366000.safetensors,10,366000,2220675.536392,225.701767,3.066682,1356.892212,0.00000500
ckpt_e10_s367000.safetensors,10,367000,2225632.925591,224.970093,2.363583,1356.026367,0.00000500
ckpt_e10_s368000.safetensors,10,368000,2220894.083352,225.230286,2.905228,1355.240234,0.00000500
ckpt_e10_s369000.safetensors,10,369000,2220689.471893,224.813721,2.630672,1354.395020,0.00000500
ckpt_e10_s370000.safetensors,10,370000,2218970.807356,224.520721,2.643762,1353.542358,0.00000500
ckpt_e11_s371000.safetensors,11,371000,2249149.606301,234.293167,11.318119,1348.697266,0.00003000
ckpt_e11_s372000.safetensors,11,372000,2162937.781692,229.779800,7.733007,1343.462280,0.00003000
ckpt_e11_s373000.safetensors,11,373000,2188094.049423,227.748077,7.994427,1338.227417,0.00003000
ckpt_e11_s374000.safetensors,11,374000,2138176.598247,225.272324,7.062632,1333.085327,0.00003000
ckpt_e11_s375000.safetensors,11,375000,2162566.915297,225.620087,7.287519,1329.219971,0.00002999
ckpt_e11_s376000.safetensors,11,376000,2147886.609585,221.388916,5.737984,1323.278442,0.00002999
ckpt_e11_s377000.safetensors,11,377000,2135313.686400,220.191040,5.624328,1319.229126,0.00002999
ckpt_e11_s378000.safetensors,11,378000,2126568.968656,217.948227,5.418432,1313.496460,0.00002998
ckpt_e11_s379000.safetensors,11,379000,2120594.234073,215.445923,4.345379,1308.653809,0.00002998
ckpt_e11_s380000.safetensors,11,380000,2123855.994663,214.651474,4.513421,1304.093384,0.00002998
ckpt_e11_s381000.safetensors,11,381000,2116907.924632,213.696518,4.341519,1299.712158,0.00002997
ckpt_e11_s382000.safetensors,11,382000,2102886.625335,211.847885,4.786959,1293.987915,0.00002996
ckpt_e11_s383000.safetensors,11,383000,2103383.324248,210.341354,4.293262,1289.059448,0.00002996
ckpt_e11_s384000.safetensors,11,384000,2090855.702190,210.567001,6.271356,1284.277588,0.00002995
ckpt_e11_s385000.safetensors,11,385000,2086938.190137,209.079102,5.399847,1280.180054,0.00002994
ckpt_e11_s386000.safetensors,11,386000,2072388.135549,211.928238,5.427479,1278.505981,0.00002994
ckpt_e11_s387000.safetensors,11,387000,2066921.964732,205.813477,4.277484,1270.908447,0.00002993
ckpt_e11_s388000.safetensors,11,388000,2074612.215204,204.606918,4.966226,1265.569336,0.00002992
ckpt_e11_s389000.safetensors,11,389000,2056355.758917,203.415146,4.315719,1261.718628,0.00002991
ckpt_e11_s390000.safetensors,11,390000,2053034.071780,201.469284,4.296804,1256.000488,0.00002990
ckpt_e11_s391000.safetensors,11,391000,2040402.784092,201.793793,4.294833,1252.824585,0.00002989
ckpt_e11_s392000.safetensors,11,392000,2034841.123575,199.980667,5.253841,1246.797607,0.00002988
ckpt_e11_s393000.safetensors,11,393000,2026353.167703,198.203323,4.766863,1241.967529,0.00002987
ckpt_e11_s394000.safetensors,11,394000,2023606.985054,197.517593,4.955398,1237.698364,0.00002986
ckpt_e11_s395000.safetensors,11,395000,2014781.857473,194.850601,3.345871,1232.869629,0.00002985
ckpt_e11_s396000.safetensors,11,396000,2007764.145636,195.843887,5.443214,1228.514038,0.00002983
ckpt_e11_s397000.safetensors,11,397000,1995725.640673,193.307297,3.695154,1224.180786,0.00002982
ckpt_e11_s398000.safetensors,11,398000,1992654.812878,192.935516,4.413661,1219.563354,0.00002981
ckpt_e11_s399000.safetensors,11,399000,1983058.439490,190.806717,3.806838,1214.618896,0.00002979
ckpt_e11_s400000.safetensors,11,400000,1978913.330488,189.746964,4.127604,1209.937012,0.00002978
ckpt_e11_s401000.safetensors,11,401000,1972910.737919,188.831802,4.320558,1205.379517,0.00002976
ckpt_e11_s402000.safetensors,11,402000,1963441.372855,189.320465,5.698382,1200.942871,0.00002975
ckpt_e11_s403000.safetensors,11,403000,1955652.134854,187.109528,4.509785,1197.028076,0.00002973
ckpt_e11_s404000.safetensors,11,404000,1951400.072196,186.704926,5.602740,1191.890747,0.00002972
ckpt_e11_s405000.safetensors,11,405000,1945716.521144,183.973541,3.417038,1187.974731,0.00002970
ckpt_e11_s406000.safetensors,11,406000,1937100.992522,183.335495,4.234595,1183.370117,0.00002968
ckpt_e11_s407000.safetensors,11,407000,1931552.345881,181.934097,3.740173,1178.935791,0.00002966
ckpt_e12_s408000.safetensors,12,408000,1761961.812412,180.635803,3.101637,1174.958862,0.00002964
ckpt_e12_s409000.safetensors,12,409000,1728013.622537,180.157074,3.904561,1170.347900,0.00002963
ckpt_e12_s410000.safetensors,12,410000,1701890.909072,179.107727,3.974936,1165.974121,0.00002961
ckpt_e12_s411000.safetensors,12,411000,1701091.183143,178.328247,3.875587,1161.620850,0.00002959
ckpt_e12_s412000.safetensors,12,412000,1678596.377306,178.829498,5.447675,1157.610596,0.00002957
ckpt_e12_s413000.safetensors,12,413000,1676116.310144,178.031555,4.289802,1154.808105,0.00002955
ckpt_e12_s414000.safetensors,12,414000,1671958.134700,174.821777,4.038111,1148.358398,0.00002952
ckpt_e12_s415000.safetensors,12,415000,1657679.997132,173.328918,3.639491,1143.720215,0.00002950
ckpt_e12_s416000.safetensors,12,416000,1664559.508012,172.428116,3.349755,1140.298950,0.00002948
ckpt_e12_s417000.safetensors,12,417000,1654059.723177,171.843643,4.364272,1135.119385,0.00002946
ckpt_e12_s418000.safetensors,12,418000,1639968.338955,171.326797,4.954937,1131.019165,0.00002943
ckpt_e12_s419000.safetensors,12,419000,1640080.521780,169.313675,3.646809,1126.779663,0.00002941
ckpt_e12_s420000.safetensors,12,420000,1632220.370557,169.270187,4.747705,1122.445679,0.00002939
ckpt_e12_s421000.safetensors,12,421000,1635907.129459,167.121643,3.753699,1117.570801,0.00002936
ckpt_e12_s422000.safetensors,12,422000,1627993.444289,167.024841,4.226969,1113.906494,0.00002934
ckpt_e12_s423000.safetensors,12,423000,1622586.783881,165.423065,3.993352,1109.208740,0.00002931
ckpt_e12_s424000.safetensors,12,424000,1617936.681309,164.329483,3.147571,1105.975342,0.00002928
ckpt_e12_s425000.safetensors,12,425000,1605541.583540,163.507019,4.025089,1101.710083,0.00002926
ckpt_e12_s426000.safetensors,12,426000,1605246.336341,163.941574,5.419963,1097.556641,0.00002923
ckpt_e12_s427000.safetensors,12,427000,1596935.943271,161.382980,3.961847,1093.325806,0.00002920
ckpt_e12_s428000.safetensors,12,428000,1592252.316483,160.388977,4.122667,1088.971802,0.00002918
ckpt_e12_s429000.safetensors,12,429000,1586375.116154,160.005676,4.738563,1084.907104,0.00002915
ckpt_e12_s430000.safetensors,12,430000,1582296.889606,158.860718,3.621161,1081.662842,0.00002912
ckpt_e12_s431000.safetensors,12,431000,1576754.795983,157.114487,3.762929,1076.900024,0.00002909
ckpt_e12_s432000.safetensors,12,432000,1570746.283220,155.544922,2.852615,1073.207886,0.00002906
ckpt_e12_s433000.safetensors,12,433000,1565178.395144,154.412155,2.744102,1068.971802,0.00002903
ckpt_e12_s434000.safetensors,12,434000,1559690.571912,153.985413,3.297634,1065.243042,0.00002900
ckpt_e12_s435000.safetensors,12,435000,1556602.494176,152.762329,2.827966,1061.245239,0.00002897
ckpt_e12_s436000.safetensors,12,436000,1549562.245133,151.770325,2.734496,1057.375366,0.00002894
ckpt_e12_s437000.safetensors,12,437000,1543584.959952,151.852234,3.716453,1053.900391,0.00002890
ckpt_e12_s438000.safetensors,12,438000,1540295.891095,150.524857,3.259450,1049.727417,0.00002887
ckpt_e12_s439000.safetensors,12,439000,1531362.321557,150.421585,4.360828,1045.828003,0.00002884
ckpt_e12_s440000.safetensors,12,440000,1528948.829974,149.165955,3.625789,1042.038452,0.00002880
ckpt_e12_s441000.safetensors,12,441000,1524016.975356,147.515671,2.761505,1038.742676,0.00002877
ckpt_e12_s442000.safetensors,12,442000,1516106.470376,148.006210,4.776752,1034.630127,0.00002874
ckpt_e12_s443000.safetensors,12,443000,1512775.265312,145.908707,3.153606,1030.863770,0.00002870
ckpt_e12_s444000.safetensors,12,444000,1507453.560289,146.200653,4.678599,1027.060425,0.00002867
ckpt_e13_s445000.safetensors,13,445000,1337086.161594,144.311157,3.197397,1023.697205,0.00002863
ckpt_e13_s446000.safetensors,13,446000,1285018.682363,143.357666,3.105347,1020.097107,0.00002859
ckpt_e13_s447000.safetensors,13,447000,1270967.811951,142.395584,3.281561,1016.306335,0.00002856
ckpt_e13_s448000.safetensors,13,448000,1253456.504502,142.105682,3.212479,1013.040710,0.00002852
ckpt_e13_s449000.safetensors,13,449000,1264895.342322,141.122375,2.737540,1009.801819,0.00002848
ckpt_e13_s450000.safetensors,13,450000,1253717.213346,140.097183,3.108281,1005.561401,0.00002845
ckpt_e13_s451000.safetensors,13,451000,1259236.289612,138.724274,2.959522,1001.588501,0.00002841
ckpt_e13_s452000.safetensors,13,452000,1254995.706295,138.950974,4.169504,997.913330,0.00002837
ckpt_e13_s453000.safetensors,13,453000,1248030.002755,137.105515,2.690071,994.856934,0.00002833
ckpt_e13_s454000.safetensors,13,454000,1244412.218021,136.417923,2.896964,990.938232,0.00002829
ckpt_e13_s455000.safetensors,13,455000,1239830.164545,137.973114,3.059784,990.530457,0.00002825
ckpt_e13_s456000.safetensors,13,456000,1243219.534630,135.460800,2.949477,984.643677,0.00002821
ckpt_e13_s457000.safetensors,13,457000,1238032.007604,135.135498,4.279830,980.454102,0.00002817
ckpt_e13_s458000.safetensors,13,458000,1226101.592211,133.609741,2.813082,978.024963,0.00002813
ckpt_e13_s459000.safetensors,13,459000,1225762.444386,132.971893,3.385825,973.774963,0.00002808
ckpt_e13_s460000.safetensors,13,460000,1217327.820703,132.277023,3.614740,970.197083,0.00002804
ckpt_e13_s461000.safetensors,13,461000,1215770.578529,131.494064,3.389430,967.002686,0.00002800
ckpt_e13_s462000.safetensors,13,462000,1216117.725712,130.093185,3.044791,963.142151,0.00002796
ckpt_e13_s463000.safetensors,13,463000,1204460.743371,129.755554,2.987622,960.535522,0.00002791
ckpt_e13_s464000.safetensors,13,464000,1201249.643580,129.500473,3.759800,956.705261,0.00002787
ckpt_e13_s465000.safetensors,13,465000,1198627.262113,130.656357,5.182699,953.976501,0.00002782
ckpt_e13_s466000.safetensors,13,466000,1193874.491206,127.796463,3.350774,950.355774,0.00002778
ckpt_e13_s467000.safetensors,13,467000,1190470.178300,126.576477,2.783362,946.969543,0.00002773
ckpt_e13_s468000.safetensors,13,468000,1185361.592275,126.090271,2.922041,943.589783,0.00002769
ckpt_e13_s469000.safetensors,13,469000,1182329.769870,125.286781,3.287622,940.060913,0.00002764
ckpt_e13_s470000.safetensors,13,470000,1178826.593551,126.130142,4.637928,937.071228,0.00002760
ckpt_e13_s471000.safetensors,13,471000,1174083.269578,123.796829,3.122617,933.695740,0.00002755
ckpt_e13_s472000.safetensors,13,472000,1171635.784574,123.776062,3.573738,930.415955,0.00002750
ckpt_e13_s473000.safetensors,13,473000,1165128.650326,122.883781,3.290787,927.481812,0.00002745
ckpt_e13_s474000.safetensors,13,474000,1161942.395665,122.388496,3.471871,924.169250,0.00002741
ckpt_e13_s475000.safetensors,13,475000,1158703.446164,121.723862,2.732469,922.130310,0.00002736
ckpt_e13_s476000.safetensors,13,476000,1154205.088294,120.136742,2.778382,917.901794,0.00002731
ckpt_e13_s477000.safetensors,13,477000,1148947.285075,120.236130,3.592791,914.838440,0.00002726
ckpt_e13_s478000.safetensors,13,478000,1145466.252003,119.206619,2.951927,911.911987,0.00002721
ckpt_e13_s479000.safetensors,13,479000,1143683.315881,119.272034,4.133685,908.242065,0.00002716
ckpt_e13_s480000.safetensors,13,480000,1139750.193915,118.108963,3.376508,905.545044,0.00002711
ckpt_e13_s481000.safetensors,13,481000,1135202.459953,117.692657,3.373083,902.753296,0.00002706
ckpt_e14_s482000.safetensors,14,482000,1124205.728913,117.144119,2.824358,900.623352,0.00002701
ckpt_e14_s483000.safetensors,14,483000,1113920.650018,115.435120,2.894205,896.448914,0.00002696
ckpt_e14_s484000.safetensors,14,484000,1112371.472423,117.275749,4.014209,894.702820,0.00002690
ckpt_e14_s485000.safetensors,14,485000,1108227.841353,114.634758,2.860278,890.540039,0.00002685
ckpt_e14_s486000.safetensors,14,486000,1107693.262042,114.431122,3.443757,887.746277,0.00002680
ckpt_e14_s487000.safetensors,14,487000,1100448.221512,114.277458,3.900369,884.386353,0.00002675
ckpt_e14_s488000.safetensors,14,488000,1103454.382916,114.629517,4.617795,882.040344,0.00002669
ckpt_e14_s489000.safetensors,14,489000,1102082.934268,112.573738,3.312813,878.838928,0.00002664
ckpt_e14_s490000.safetensors,14,490000,1091339.166056,113.179741,4.500528,875.975708,0.00002658
ckpt_e14_s491000.safetensors,14,491000,1091363.685204,111.754723,3.448085,873.320801,0.00002653
ckpt_e14_s492000.safetensors,14,492000,1097882.872403,111.130722,3.533195,870.286255,0.00002647
ckpt_e14_s493000.safetensors,14,493000,1084328.026025,110.861259,3.844868,867.470642,0.00002642
ckpt_e14_s494000.safetensors,14,494000,1089166.686233,111.627563,5.471287,864.177979,0.00002636
ckpt_e14_s495000.safetensors,14,495000,1082696.468488,109.246918,3.364707,861.747314,0.00002631
ckpt_e14_s496000.safetensors,14,496000,1077554.412901,108.663132,3.553353,858.826843,0.00002625
ckpt_e14_s497000.safetensors,14,497000,1071034.311545,109.263077,4.345487,856.219055,0.00002619
ckpt_e14_s498000.safetensors,14,498000,1073160.134606,108.690376,4.715441,853.149658,0.00002614
ckpt_e14_s499000.safetensors,14,499000,1068075.252349,108.473267,4.870428,850.837097,0.00002608
ckpt_e14_s500000.safetensors,14,500000,1065489.244043,106.999138,4.083759,847.980042,0.00002602
ckpt_e14_s501000.safetensors,14,501000,1062415.714442,107.742996,4.780067,846.068787,0.00002596
ckpt_e14_s502000.safetensors,14,502000,1054584.648219,106.636742,4.701700,842.518677,0.00002590
ckpt_e14_s503000.safetensors,14,503000,1053879.792362,105.112511,3.604953,839.751770,0.00002585
ckpt_e14_s504000.safetensors,14,504000,1052537.004474,112.907692,11.547153,836.697021,0.00002579
ckpt_e14_s505000.safetensors,14,505000,1047266.864901,109.760590,9.316280,834.256897,0.00002573
ckpt_e14_s506000.safetensors,14,506000,1044838.314234,108.075943,7.799751,831.813049,0.00002567
ckpt_e14_s507000.safetensors,14,507000,1040722.977599,106.432640,6.689891,829.369629,0.00002561
ckpt_e14_s508000.safetensors,14,508000,1037067.252100,105.398399,6.364189,826.486755,0.00002555
ckpt_e14_s509000.safetensors,14,509000,1034532.771934,105.503677,6.885216,824.135620,0.00002548
ckpt_e14_s510000.safetensors,14,510000,1033834.087978,104.173073,6.162516,821.469177,0.00002542
ckpt_e14_s511000.safetensors,14,511000,1028365.879851,104.026062,6.944434,818.839966,0.00002536
ckpt_e14_s512000.safetensors,14,512000,1025732.937936,102.940109,6.148222,816.532410,0.00002530
ckpt_e14_s513000.safetensors,14,513000,1019447.957908,101.280357,4.792143,814.186401,0.00002524
ckpt_e14_s514000.safetensors,14,514000,1019587.528189,100.693901,4.918062,811.588257,0.00002518
ckpt_e14_s515000.safetensors,14,515000,1017836.432557,99.465424,4.121320,809.175964,0.00002511
ckpt_e14_s516000.safetensors,14,516000,1012453.239777,99.551048,4.783150,806.646118,0.00002505
ckpt_e14_s517000.safetensors,14,517000,1010072.684617,99.754837,5.479602,804.128906,0.00002499
ckpt_e14_s518000.safetensors,14,518000,1006344.657971,100.236481,5.922482,803.057251,0.00002492
ckpt_e15_s519000.safetensors,15,519000,777092.673712,97.432297,3.403248,800.474915,0.00002486
ckpt_e15_s520000.safetensors,15,520000,783411.104947,97.312210,4.005001,797.806702,0.00002479
ckpt_e15_s521000.safetensors,15,521000,784015.481511,98.547943,5.725786,795.684998,0.00002473
ckpt_e15_s522000.safetensors,15,522000,787121.687002,95.996292,3.325152,793.497986,0.00002466
ckpt_e15_s523000.safetensors,15,523000,782616.960516,95.225800,3.309351,790.475220,0.00002460
ckpt_e15_s524000.safetensors,15,524000,772647.767558,95.796494,4.648652,788.384888,0.00002453
ckpt_e15_s525000.safetensors,15,525000,769276.013141,94.456177,3.141729,786.553955,0.00002447
ckpt_e15_s526000.safetensors,15,526000,761358.655766,93.190651,3.013783,783.567383,0.00002440
ckpt_e15_s527000.safetensors,15,527000,763218.280415,93.560471,3.308462,781.849854,0.00002433
ckpt_e15_s528000.safetensors,15,528000,759695.586145,95.341057,5.935758,779.577942,0.00002427
ckpt_e15_s529000.safetensors,15,529000,757859.605581,93.607986,4.950461,776.804199,0.00002420
ckpt_e15_s530000.safetensors,15,530000,749640.221682,92.041473,3.395134,774.999084,0.00002413
ckpt_e15_s531000.safetensors,15,531000,747544.890783,91.858597,3.802343,772.458862,0.00002406
ckpt_e15_s532000.safetensors,15,532000,748856.327426,91.538483,3.332343,771.047058,0.00002400
ckpt_e15_s533000.safetensors,15,533000,745840.696899,90.672478,3.623125,768.080750,0.00002393
ckpt_e15_s534000.safetensors,15,534000,745593.707451,91.277161,4.569734,766.153625,0.00002386
ckpt_e15_s535000.safetensors,15,535000,736407.141520,91.868240,4.279399,764.997681,0.00002379
ckpt_e15_s536000.safetensors,15,536000,741863.979498,91.683563,5.460915,762.143860,0.00002372
ckpt_e15_s537000.safetensors,15,537000,737388.821506,91.500290,5.781374,760.263428,0.00002365
ckpt_e15_s538000.safetensors,15,538000,735919.542580,89.816338,4.873650,757.579712,0.00002358
ckpt_e15_s539000.safetensors,15,539000,732385.812380,89.074097,4.365277,755.902649,0.00002351
ckpt_e15_s540000.safetensors,15,540000,730627.951292,92.636620,4.533219,758.706421,0.00002344
ckpt_e15_s541000.safetensors,15,541000,728037.370606,87.440102,3.763572,751.630432,0.00002337
ckpt_e15_s542000.safetensors,15,542000,726910.957360,86.993477,3.863145,749.484558,0.00002330
ckpt_e15_s543000.safetensors,15,543000,723562.719847,86.873390,4.098164,747.560730,0.00002323
ckpt_e15_s544000.safetensors,15,544000,719712.549318,87.006172,4.641133,745.886841,0.00002316
ckpt_e15_s545000.safetensors,15,545000,720083.870017,85.662979,3.781640,743.644226,0.00002309
ckpt_e15_s546000.safetensors,15,546000,719316.800618,85.210098,3.718119,741.780029,0.00002302
ckpt_e15_s547000.safetensors,15,547000,716135.764328,86.839897,5.490187,740.333679,0.00002295
ckpt_e15_s548000.safetensors,15,548000,714948.062279,84.929611,4.293436,737.713806,0.00002287
ckpt_e15_s549000.safetensors,15,549000,713789.022009,84.347122,3.889816,736.222351,0.00002280
ckpt_e15_s550000.safetensors,15,550000,710798.577944,84.566078,4.346207,734.412598,0.00002273
ckpt_e15_s551000.safetensors,15,551000,708308.766060,84.048103,4.293152,732.339661,0.00002266
ckpt_e15_s552000.safetensors,15,552000,707839.067480,83.862312,4.417204,730.536011,0.00002258
ckpt_e15_s553000.safetensors,15,553000,705195.525141,82.572838,3.361744,728.661987,0.00002251
ckpt_e15_s554000.safetensors,15,554000,701546.288399,82.204857,3.345691,727.009155,0.00002244
ckpt_e15_s555000.safetensors,15,555000,700847.462630,82.254311,3.946595,725.059326,0.00002236
ckpt_e16_s556000.safetensors,16,556000,929354.795212,81.903992,3.383526,723.601257,0.00002229
ckpt_e16_s557000.safetensors,16,557000,950376.837701,81.634041,4.138948,721.186462,0.00002221
ckpt_e16_s558000.safetensors,16,558000,886825.081636,80.791695,3.397151,719.601013,0.00002214
ckpt_e16_s559000.safetensors,16,559000,919561.562375,80.972832,3.725812,718.298584,0.00002207
ckpt_e16_s560000.safetensors,16,560000,886320.588691,80.044289,3.347975,716.341125,0.00002199
ckpt_e16_s561000.safetensors,16,561000,891333.347925,80.519554,4.330110,714.498047,0.00002192
ckpt_e16_s562000.safetensors,16,562000,900563.436826,79.196152,3.038450,713.051208,0.00002184
ckpt_e16_s563000.safetensors,16,563000,885772.684280,79.465805,3.496328,711.697205,0.00002177
ckpt_e16_s564000.safetensors,16,564000,890254.188755,78.914734,3.481288,709.891907,0.00002169
ckpt_e16_s565000.safetensors,16,565000,880208.620620,79.649940,4.514625,708.440308,0.00002161
ckpt_e16_s566000.safetensors,16,566000,874941.053510,79.338814,3.523142,707.751526,0.00002154
ckpt_e16_s567000.safetensors,16,567000,872324.489825,77.720322,3.146646,705.187012,0.00002146
ckpt_e16_s568000.safetensors,16,568000,872645.846758,77.375198,2.970512,703.983765,0.00002139
ckpt_e16_s569000.safetensors,16,569000,876668.620993,77.436279,3.423758,702.285583,0.00002131
ckpt_e16_s570000.safetensors,16,570000,874941.031738,78.292870,4.729469,700.789307,0.00002123
ckpt_e16_s571000.safetensors,16,571000,873506.949152,76.859512,3.302097,699.347778,0.00002116
ckpt_e16_s572000.safetensors,16,572000,871800.245639,76.356071,3.189417,697.864563,0.00002108
ckpt_e16_s573000.safetensors,16,573000,868682.641477,76.181679,2.994562,696.698059,0.00002100
ckpt_e16_s574000.safetensors,16,574000,867996.947461,75.916725,3.266957,694.891785,0.00002092
ckpt_e16_s575000.safetensors,16,575000,866932.800147,75.861282,3.415362,693.569214,0.00002085
ckpt_e16_s576000.safetensors,16,576000,863336.534814,75.401009,2.892455,692.515076,0.00002077
ckpt_e16_s577000.safetensors,16,577000,862813.107732,75.324921,3.431129,690.513245,0.00002069
ckpt_e16_s578000.safetensors,16,578000,864477.342360,75.090584,3.090249,689.128296,0.00002061
ckpt_e16_s579000.safetensors,16,579000,855349.085754,74.935081,3.158830,687.968445,0.00002054
ckpt_e16_s580000.safetensors,16,580000,858688.501174,74.020508,2.820038,686.129639,0.00002046
ckpt_e16_s581000.safetensors,16,581000,858214.990567,74.085228,3.058418,684.703796,0.00002038
ckpt_e16_s582000.safetensors,16,582000,857120.167547,73.975594,3.590033,683.094788,0.00002030
ckpt_e16_s583000.safetensors,16,583000,854184.158210,73.335564,3.223095,681.570007,0.00002022
ckpt_e16_s584000.safetensors,16,584000,853688.932930,72.955841,2.833165,680.253906,0.00002014
ckpt_e16_s585000.safetensors,16,585000,849285.089644,73.375633,3.353616,679.520447,0.00002006
ckpt_e16_s586000.safetensors,16,586000,848636.676955,72.547165,3.044628,677.549561,0.00001999
ckpt_e16_s587000.safetensors,16,587000,846121.637511,73.325722,3.760568,676.300964,0.00001991
ckpt_e16_s588000.safetensors,16,588000,849056.267225,72.613739,3.601838,674.669434,0.00001983
ckpt_e16_s589000.safetensors,16,589000,843820.150404,73.032349,4.136336,674.011108,0.00001975
ckpt_e16_s590000.safetensors,16,590000,845052.030881,72.761459,4.147586,672.415955,0.00001967
ckpt_e16_s591000.safetensors,16,591000,840186.515314,71.399178,3.001009,671.181885,0.00001959
ckpt_e16_s592000.safetensors,16,592000,839526.474822,71.560883,3.250987,669.737488,0.00001951
ckpt_e17_s593000.safetensors,17,593000,445676.410271,70.757782,2.815791,668.635620,0.00001943
ckpt_e17_s594000.safetensors,17,594000,411579.397787,70.488838,2.698976,667.410461,0.00001935
ckpt_e17_s595000.safetensors,17,595000,442248.044241,70.463631,3.026114,665.825562,0.00001927
ckpt_e17_s596000.safetensors,17,596000,433099.742891,69.896805,2.486178,664.598816,0.00001919
ckpt_e17_s597000.safetensors,17,597000,450190.253566,70.813301,3.613014,663.451111,0.00001911
ckpt_e17_s598000.safetensors,17,598000,433539.013646,70.188164,3.054012,662.176758,0.00001903
ckpt_e17_s599000.safetensors,17,599000,433948.499107,69.320869,2.869531,660.335083,0.00001895
ckpt_e17_s600000.safetensors,17,600000,428448.486160,69.278954,3.000163,659.259216,0.00001887
ckpt_e17_s601000.safetensors,17,601000,432062.744626,69.168007,3.030381,657.943115,0.00001879
ckpt_e17_s602000.safetensors,17,602000,427228.620344,69.184174,3.210864,656.492249,0.00001871
ckpt_e17_s603000.safetensors,17,603000,427265.698683,68.923027,2.952596,655.367065,0.00001862
ckpt_e17_s604000.safetensors,17,604000,424978.437752,68.622452,3.114917,653.964355,0.00001854
ckpt_e17_s605000.safetensors,17,605000,426649.492449,68.171516,2.554575,653.034363,0.00001846
ckpt_e17_s606000.safetensors,17,606000,424055.161756,68.122681,3.019422,651.297241,0.00001838
ckpt_e17_s607000.safetensors,17,607000,424924.244750,68.487770,3.112738,650.722290,0.00001830
ckpt_e17_s608000.safetensors,17,608000,422909.338468,67.275452,2.739692,648.639160,0.00001822
ckpt_e17_s609000.safetensors,17,609000,424405.375115,67.316025,2.848130,647.486267,0.00001814
ckpt_e17_s610000.safetensors,17,610000,421155.804008,67.384789,3.267066,646.156799,0.00001806
ckpt_e17_s611000.safetensors,17,611000,418400.042402,67.811623,3.624432,645.387817,0.00001798
ckpt_e17_s612000.safetensors,17,612000,419422.202265,67.776962,3.915250,643.631348,0.00001789
ckpt_e17_s613000.safetensors,17,613000,419103.129632,68.672333,5.109787,642.568481,0.00001781
ckpt_e17_s614000.safetensors,17,614000,417859.381812,69.624260,6.103321,641.641663,0.00001773
ckpt_e17_s615000.safetensors,17,615000,417431.684617,67.835701,4.020608,640.569275,0.00001765
ckpt_e17_s616000.safetensors,17,616000,417028.048318,68.397041,4.969462,639.550293,0.00001757
ckpt_e17_s617000.safetensors,17,617000,413227.879230,67.816521,4.780684,638.178650,0.00001749
ckpt_e17_s618000.safetensors,17,618000,412483.994006,67.940239,5.009350,637.392822,0.00001740
ckpt_e17_s619000.safetensors,17,619000,413836.170723,67.565720,5.080606,635.922302,0.00001732
ckpt_e17_s620000.safetensors,17,620000,412774.970612,67.864273,5.359219,634.997620,0.00001724
ckpt_e17_s621000.safetensors,17,621000,412835.863146,66.720039,4.625411,633.448669,0.00001716
ckpt_e17_s622000.safetensors,17,622000,411378.112503,66.101669,4.399068,632.130859,0.00001708
ckpt_e17_s623000.safetensors,17,623000,411438.499837,66.453789,5.247506,630.990295,0.00001700
ckpt_e17_s624000.safetensors,17,624000,410924.020694,65.511963,3.828928,630.226074,0.00001691
ckpt_e17_s625000.safetensors,17,625000,408155.084020,64.942238,3.631303,629.158020,0.00001683
ckpt_e17_s626000.safetensors,17,626000,409405.679738,64.871239,3.850022,627.743774,0.00001675
ckpt_e17_s627000.safetensors,17,627000,407899.529596,64.562454,3.759256,626.753479,0.00001667
ckpt_e17_s628000.safetensors,17,628000,406515.697585,64.572006,3.644421,626.091064,0.00001659
ckpt_e17_s629000.safetensors,17,629000,406303.402157,64.388184,3.615726,625.091003,0.00001650
ckpt_e18_s630000.safetensors,18,630000,501628.537954,63.835869,3.339143,623.762756,0.00001642
ckpt_e18_s631000.safetensors,18,631000,497415.079035,64.125450,3.907576,622.581360,0.00001634
ckpt_e18_s632000.safetensors,18,632000,497260.361725,63.837666,4.047199,621.291199,0.00001626
ckpt_e18_s633000.safetensors,18,633000,478795.558045,63.585651,3.877455,620.235779,0.00001618
ckpt_e18_s634000.safetensors,18,634000,491760.065363,63.333660,3.668573,619.429626,0.00001609
ckpt_e18_s635000.safetensors,18,635000,489608.361045,63.061649,3.769224,618.168701,0.00001601
ckpt_e18_s636000.safetensors,18,636000,490955.115836,63.401470,3.667256,617.868408,0.00001593
ckpt_e18_s637000.safetensors,18,637000,483797.368925,63.101990,3.901375,616.499329,0.00001585
ckpt_e18_s638000.safetensors,18,638000,492808.375073,62.903172,3.810578,615.722046,0.00001577
ckpt_e18_s639000.safetensors,18,639000,491610.643648,63.216446,4.513528,614.525635,0.00001569
ckpt_e18_s640000.safetensors,18,640000,484410.047881,62.215900,3.845827,613.478638,0.00001560
ckpt_e18_s641000.safetensors,18,641000,489209.045760,62.559189,4.028499,612.697571,0.00001552
ckpt_e18_s642000.safetensors,18,642000,487896.276266,61.813309,3.676440,611.728455,0.00001544
ckpt_e18_s643000.safetensors,18,643000,486253.125913,62.368019,3.962169,611.302673,0.00001536
ckpt_e18_s644000.safetensors,18,644000,484458.961020,61.524841,3.597121,609.745117,0.00001528
ckpt_e18_s645000.safetensors,18,645000,482593.705155,61.681549,4.313017,608.661560,0.00001520
ckpt_e18_s646000.safetensors,18,646000,485545.953213,61.645699,4.370809,607.690796,0.00001511
ckpt_e18_s647000.safetensors,18,647000,481868.305686,61.092659,3.753606,606.937317,0.00001503
ckpt_e18_s648000.safetensors,18,648000,483120.362024,61.339230,4.465570,605.908020,0.00001495
ckpt_e18_s649000.safetensors,18,649000,480752.046039,60.398109,3.446044,605.106018,0.00001487
ckpt_e18_s650000.safetensors,18,650000,478059.925836,60.687981,3.973847,604.174255,0.00001479
ckpt_e18_s651000.safetensors,18,651000,479823.046324,60.961472,4.070978,603.294983,0.00001471
ckpt_e18_s652000.safetensors,18,652000,479006.186999,60.471035,3.925468,602.435791,0.00001463
ckpt_e18_s653000.safetensors,18,653000,478224.923538,60.927170,4.025877,601.449707,0.00001455
ckpt_e18_s654000.safetensors,18,654000,476084.446483,59.975300,3.865168,600.264404,0.00001446
ckpt_e18_s655000.safetensors,18,655000,475614.463446,60.187389,3.935290,599.517212,0.00001438
ckpt_e18_s656000.safetensors,18,656000,478301.397012,59.406750,3.412059,598.444885,0.00001430
ckpt_e18_s657000.safetensors,18,657000,475058.853256,59.079006,3.244748,597.608337,0.00001422
ckpt_e18_s658000.safetensors,18,658000,473848.925088,59.019276,3.446798,596.664551,0.00001414
ckpt_e18_s659000.safetensors,18,659000,473667.678585,58.816784,3.447790,595.809265,0.00001406
ckpt_e18_s660000.safetensors,18,660000,471956.273421,59.160809,3.898514,594.977417,0.00001398
ckpt_e18_s661000.safetensors,18,661000,472254.016005,59.018021,3.665895,594.212524,0.00001390
ckpt_e18_s662000.safetensors,18,662000,470594.248725,58.652302,3.669525,593.077026,0.00001382
ckpt_e18_s663000.safetensors,18,663000,470223.939290,58.418926,3.582078,592.283508,0.00001374
ckpt_e18_s664000.safetensors,18,664000,470834.512868,58.113430,3.235659,591.576294,0.00001366
ckpt_e18_s665000.safetensors,18,665000,469314.869136,58.535149,3.279719,591.258850,0.00001358
ckpt_e18_s666000.safetensors,18,666000,468326.953646,59.255116,3.812990,590.830444,0.00001350
ckpt_e19_s667000.safetensors,19,667000,302681.321530,57.507671,3.105072,589.310425,0.00001342
ckpt_e19_s668000.safetensors,19,668000,326336.413665,58.934303,3.700406,589.910583,0.00001334
ckpt_e19_s669000.safetensors,19,669000,310378.803186,58.053741,3.773880,588.017883,0.00001326
ckpt_e19_s670000.safetensors,19,670000,308298.082338,58.479542,3.484688,588.054260,0.00001318
ckpt_e19_s671000.safetensors,19,671000,298313.307343,57.771469,3.226239,586.662537,0.00001310
ckpt_e19_s672000.safetensors,19,672000,300002.206060,57.349087,3.563742,585.570801,0.00001302
ckpt_e19_s673000.safetensors,19,673000,302913.081105,57.698574,4.198380,584.932190,0.00001294
ckpt_e19_s674000.safetensors,19,674000,302183.665958,57.077850,3.245242,584.352966,0.00001286
ckpt_e19_s675000.safetensors,19,675000,301215.862142,57.744968,3.766912,583.907471,0.00001279
ckpt_e19_s676000.safetensors,19,676000,303946.795251,57.005890,3.480898,582.773743,0.00001271
ckpt_e19_s677000.safetensors,19,677000,301738.697298,56.783031,3.317263,582.326416,0.00001263
ckpt_e19_s678000.safetensors,19,678000,302373.299642,56.360321,3.210354,581.431885,0.00001255
ckpt_e19_s679000.safetensors,19,679000,302620.255872,56.932789,4.128470,580.511902,0.00001247
ckpt_e19_s680000.safetensors,19,680000,303656.248061,56.785145,3.579142,580.190125,0.00001239
ckpt_e19_s681000.safetensors,19,681000,300367.920283,56.151669,3.161449,579.351685,0.00001232
ckpt_e19_s682000.safetensors,19,682000,300109.898394,56.315281,3.245782,578.911377,0.00001224
ckpt_e19_s683000.safetensors,19,683000,299339.630279,56.498341,3.407140,578.387634,0.00001216
ckpt_e19_s684000.safetensors,19,684000,300065.160638,56.783352,3.738279,577.619873,0.00001208
ckpt_e19_s685000.safetensors,19,685000,299425.246573,56.101429,3.770526,576.598694,0.00001201
ckpt_e19_s686000.safetensors,19,686000,298579.718129,56.482368,4.048763,576.110535,0.00001193
ckpt_e19_s687000.safetensors,19,687000,298088.774177,55.931805,3.876724,575.302917,0.00001185
ckpt_e19_s688000.safetensors,19,688000,297797.534749,55.483860,3.393923,574.761108,0.00001177
ckpt_e19_s689000.safetensors,19,689000,297575.123017,55.280071,3.144877,574.111938,0.00001170
ckpt_e19_s690000.safetensors,19,690000,296704.520436,55.446526,3.125027,573.528442,0.00001162
ckpt_e19_s691000.safetensors,19,691000,296328.844566,55.221352,3.271415,572.862915,0.00001155
ckpt_e19_s692000.safetensors,19,692000,297206.414240,55.559669,3.636291,572.561951,0.00001147
ckpt_e19_s693000.safetensors,19,693000,297841.786621,55.322495,3.645940,571.838928,0.00001139
ckpt_e19_s694000.safetensors,19,694000,295849.812736,54.767471,3.149120,571.141052,0.00001132
ckpt_e19_s695000.safetensors,19,695000,295112.365193,55.074520,3.568693,570.480957,0.00001124
ckpt_e19_s696000.safetensors,19,696000,295290.942597,54.810101,3.575727,569.786560,0.00001117
ckpt_e19_s697000.safetensors,19,697000,294872.726030,54.713749,3.352410,569.347839,0.00001109
ckpt_e19_s698000.safetensors,19,698000,293547.227642,54.550446,3.412729,568.642883,0.00001102
ckpt_e19_s699000.safetensors,19,699000,292825.970900,54.571400,3.385858,568.174683,0.00001094
ckpt_e19_s700000.safetensors,19,700000,292824.111667,54.577530,3.545704,567.582214,0.00001087
ckpt_e19_s701000.safetensors,19,701000,292722.039466,54.245926,3.584426,566.888062,0.00001079
ckpt_e19_s702000.safetensors,19,702000,293513.609404,54.405430,3.660440,566.399597,0.00001072
ckpt_e19_s703000.safetensors,19,703000,292875.315970,54.718731,3.765005,566.164612,0.00001065
ckpt_e20_s704000.safetensors,20,704000,370940.442770,54.229630,3.766272,565.152344,0.00001057
ckpt_e20_s705000.safetensors,20,705000,332432.525313,54.140789,3.522879,564.826111,0.00001050
ckpt_e20_s706000.safetensors,20,706000,341337.427815,53.990219,3.510752,564.190063,0.00001042
ckpt_e20_s707000.safetensors,20,707000,330393.508571,53.950500,3.636289,563.541321,0.00001035
ckpt_e20_s708000.safetensors,20,708000,337138.605819,53.857941,3.600133,563.094543,0.00001028
ckpt_e20_s709000.safetensors,20,709000,343201.148857,53.472061,3.289672,562.480164,0.00001021
ckpt_e20_s710000.safetensors,20,710000,343817.961579,53.682350,3.695454,561.908936,0.00001013
ckpt_e20_s711000.safetensors,20,711000,340231.793274,53.593540,3.655447,561.520386,0.00001006
ckpt_e20_s712000.safetensors,20,712000,338828.588227,53.595161,3.428749,561.309814,0.00000999
ckpt_e20_s713000.safetensors,20,713000,341389.420818,53.797539,3.872950,560.547363,0.00000992
ckpt_e20_s714000.safetensors,20,714000,339998.213495,53.164841,3.468780,559.933350,0.00000985
ckpt_e20_s715000.safetensors,20,715000,340471.394381,52.994301,3.062938,559.527771,0.00000978
ckpt_e20_s716000.safetensors,20,716000,339088.323431,53.802582,4.241533,559.035828,0.00000971
ckpt_e20_s717000.safetensors,20,717000,339835.785304,53.031921,3.679098,558.397461,0.00000963
ckpt_e20_s718000.safetensors,20,718000,338961.085555,53.137466,3.662160,558.000305,0.00000956
ckpt_e20_s719000.safetensors,20,719000,337985.512465,53.112514,3.240886,557.944519,0.00000949
ckpt_e20_s720000.safetensors,20,720000,335465.313956,52.806061,3.546602,557.145325,0.00000942
ckpt_e20_s721000.safetensors,20,721000,338730.822754,52.774849,3.649687,556.588318,0.00000935
ckpt_e20_s722000.safetensors,20,722000,338682.928474,52.579315,3.448893,556.238831,0.00000929
ckpt_e20_s723000.safetensors,20,723000,336611.225660,52.895355,3.627955,555.885681,0.00000922
ckpt_e20_s724000.safetensors,20,724000,337426.206914,52.626308,3.429563,555.343750,0.00000915
ckpt_e20_s725000.safetensors,20,725000,336984.810898,52.451874,3.465467,555.036072,0.00000908
ckpt_e20_s726000.safetensors,20,726000,336913.574428,52.400398,3.554051,554.562500,0.00000901
ckpt_e20_s727000.safetensors,20,727000,335571.636966,52.741329,4.025524,553.995667,0.00000894
ckpt_e20_s728000.safetensors,20,728000,337113.247613,52.203049,3.582101,553.493958,0.00000887
ckpt_e20_s729000.safetensors,20,729000,335557.182648,52.048496,3.434515,553.029968,0.00000881
ckpt_e20_s730000.safetensors,20,730000,336723.571280,51.949951,3.527901,552.504517,0.00000874
ckpt_e20_s731000.safetensors,20,731000,334093.104982,52.530048,3.498611,552.571350,0.00000867
ckpt_e20_s732000.safetensors,20,732000,334548.335267,51.787579,3.355519,551.591736,0.00000861
ckpt_e20_s733000.safetensors,20,733000,334588.660505,51.725269,3.268940,551.152344,0.00000854
ckpt_e20_s734000.safetensors,20,734000,334005.123570,51.473980,3.241911,550.714966,0.00000847
ckpt_e20_s735000.safetensors,20,735000,334625.120622,51.199291,3.120542,550.090576,0.00000841
ckpt_e20_s736000.safetensors,20,736000,334021.352195,51.288509,3.047294,549.755066,0.00000834
ckpt_e20_s737000.safetensors,20,737000,333013.943666,51.514938,3.484389,549.323120,0.00000828
ckpt_e20_s738000.safetensors,20,738000,333514.283062,51.735779,3.881834,548.621643,0.00000821
ckpt_e20_s739000.safetensors,20,739000,332089.739229,51.176571,3.311849,548.317383,0.00000815
ckpt_e20_s740000.safetensors,20,740000,332472.117664,51.238281,3.500382,547.926270,0.00000808
ckpt_e21_s741000.safetensors,21,741000,317711.443771,51.187481,3.535995,547.411865,0.00000802
ckpt_e21_s742000.safetensors,21,742000,340903.527931,50.505520,2.725224,547.010559,0.00000796
ckpt_e21_s743000.safetensors,21,743000,337102.334526,50.992809,3.337479,546.533630,0.00000789
ckpt_e21_s744000.safetensors,21,744000,344858.950351,51.407021,3.367336,546.601318,0.00000783
ckpt_e21_s745000.safetensors,21,745000,350717.620839,51.693779,4.071452,545.878296,0.00000777
ckpt_e21_s746000.safetensors,21,746000,329581.919487,50.803249,3.346908,545.411865,0.00000771
ckpt_e21_s747000.safetensors,21,747000,330373.961893,50.464218,3.039215,545.084595,0.00000764
ckpt_e21_s748000.safetensors,21,748000,330689.997820,50.353569,3.013704,544.614319,0.00000758
ckpt_e21_s749000.safetensors,21,749000,330994.178530,50.053391,2.794827,544.208984,0.00000752
ckpt_e21_s750000.safetensors,21,750000,329822.011186,50.257332,2.962777,543.929077,0.00000746
ckpt_e21_s751000.safetensors,21,751000,331128.881295,50.278076,3.049674,543.626709,0.00000740
ckpt_e21_s752000.safetensors,21,752000,328008.852723,50.139751,2.924813,543.214111,0.00000734
ckpt_e21_s753000.safetensors,21,753000,332721.116330,50.278481,3.171714,542.882812,0.00000728
ckpt_e21_s754000.safetensors,21,754000,329393.433838,50.419933,3.358428,542.540039,0.00000722
ckpt_e21_s755000.safetensors,21,755000,330316.322295,50.341679,3.369946,542.073792,0.00000716
ckpt_e21_s756000.safetensors,21,756000,330118.137033,50.131714,3.130016,541.799316,0.00000710
ckpt_e21_s757000.safetensors,21,757000,327271.143601,50.281895,3.054506,541.662720,0.00000704
ckpt_e21_s758000.safetensors,21,758000,326706.957652,50.022850,2.896459,541.352905,0.00000698
ckpt_e21_s759000.safetensors,21,759000,326661.775748,50.144924,3.214922,540.889038,0.00000693
ckpt_e21_s760000.safetensors,21,760000,327345.712698,49.938503,3.178923,540.537598,0.00000687
ckpt_e21_s761000.safetensors,21,761000,328358.885769,49.682011,2.864620,540.282349,0.00000681
ckpt_e21_s762000.safetensors,21,762000,328284.200727,49.676701,3.076110,539.779602,0.00000675
ckpt_e21_s763000.safetensors,21,763000,328730.576706,49.818958,3.135628,539.601807,0.00000670
ckpt_e21_s764000.safetensors,21,764000,327580.311901,49.671501,3.180134,539.170349,0.00000664
ckpt_e21_s765000.safetensors,21,765000,326446.713396,50.136520,3.287359,539.211731,0.00000659
ckpt_e21_s766000.safetensors,21,766000,327916.629472,49.718010,3.161448,538.641846,0.00000653
ckpt_e21_s767000.safetensors,21,767000,327789.920131,49.566219,3.062448,538.304932,0.00000648
ckpt_e21_s768000.safetensors,21,768000,326174.465247,49.798790,3.181195,538.098633,0.00000642
ckpt_e21_s769000.safetensors,21,769000,327475.897049,49.539101,3.072183,537.627136,0.00000637
ckpt_e21_s770000.safetensors,21,770000,326458.603684,49.518501,3.116021,537.397766,0.00000631
ckpt_e21_s771000.safetensors,21,771000,328117.793061,49.838799,3.402874,537.093201,0.00000626
ckpt_e21_s772000.safetensors,21,772000,326718.044714,49.626282,3.145293,536.821472,0.00000621
ckpt_e21_s773000.safetensors,21,773000,325140.977183,49.422169,3.031586,536.609619,0.00000615
ckpt_e21_s774000.safetensors,21,774000,325233.426978,49.962959,3.376740,536.540344,0.00000610
ckpt_e21_s775000.safetensors,21,775000,324631.813932,49.264259,3.060353,535.976807,0.00000605
ckpt_e21_s776000.safetensors,21,776000,326017.271328,49.263020,2.971864,535.780334,0.00000600
ckpt_e21_s777000.safetensors,21,777000,325778.392838,49.108559,3.012581,535.288025,0.00000595
ckpt_e22_s778000.safetensors,22,778000,277468.265488,49.268551,3.308984,535.063416,0.00000590
ckpt_e22_s779000.safetensors,22,779000,278459.738776,48.938068,2.989468,534.873962,0.00000585
ckpt_e22_s780000.safetensors,22,780000,276769.293825,49.452660,3.491330,534.658142,0.00000579
ckpt_e22_s781000.safetensors,22,781000,256273.733059,49.242569,3.409122,534.444397,0.00000575
ckpt_e22_s782000.safetensors,22,782000,265807.008618,48.890709,3.030760,534.093994,0.00000570
ckpt_e22_s783000.safetensors,22,783000,263005.377463,48.948921,3.193753,533.875122,0.00000565
ckpt_e22_s784000.safetensors,22,784000,259755.287082,48.809429,3.088275,533.467712,0.00000560
ckpt_e22_s785000.safetensors,22,785000,258046.925554,49.074059,3.423702,533.272949,0.00000555
ckpt_e22_s786000.safetensors,22,786000,260102.643009,48.977379,3.238290,533.027100,0.00000550
ckpt_e22_s787000.safetensors,22,787000,263232.484269,49.047459,3.559178,532.677124,0.00000546
ckpt_e22_s788000.safetensors,22,788000,258889.013884,48.792316,3.022850,532.494690,0.00000541
ckpt_e22_s789000.safetensors,22,789000,257639.617317,48.862984,3.108873,532.442993,0.00000536
ckpt_e22_s790000.safetensors,22,790000,260528.486963,48.625546,3.157204,531.853699,0.00000532
ckpt_e22_s791000.safetensors,22,791000,258889.147719,49.057190,3.541890,531.753845,0.00000527
ckpt_e22_s792000.safetensors,22,792000,259286.863508,48.779667,3.278757,531.538879,0.00000523
ckpt_e22_s793000.safetensors,22,793000,259173.532396,48.812141,3.460075,531.227417,0.00000518
ckpt_e22_s794000.safetensors,22,794000,259889.994191,48.762131,3.368508,531.057800,0.00000514
ckpt_e22_s795000.safetensors,22,795000,259858.123766,48.519211,3.299515,530.723511,0.00000509
ckpt_e22_s796000.safetensors,22,796000,258738.384994,48.731110,3.387572,530.616394,0.00000505
ckpt_e22_s797000.safetensors,22,797000,258968.616970,48.516457,3.287420,530.393188,0.00000501
ckpt_e22_s798000.safetensors,22,798000,257186.526098,48.423691,3.199555,530.142639,0.00000500
ckpt_e22_s799000.safetensors,22,799000,258177.051608,48.622105,3.343868,530.004639,0.00000500
ckpt_e22_s800000.safetensors,22,800000,259146.642241,48.258991,3.116301,529.687012,0.00000500
ckpt_e22_s801000.safetensors,22,801000,257877.286269,48.409309,3.254554,529.506165,0.00000500
ckpt_e22_s802000.safetensors,22,802000,257460.753517,48.240135,3.076488,529.299194,0.00000500
ckpt_e22_s803000.safetensors,22,803000,257073.519376,48.196522,3.053442,529.095093,0.00000500
ckpt_e22_s804000.safetensors,22,804000,256595.313207,48.215149,3.160880,528.775818,0.00000500
ckpt_e22_s805000.safetensors,22,805000,257645.508427,48.384941,3.370733,528.578369,0.00000500
ckpt_e22_s806000.safetensors,22,806000,256743.067300,48.340527,3.292896,528.460022,0.00000500
ckpt_e22_s807000.safetensors,22,807000,257391.656416,48.008678,3.044313,528.109253,0.00000500
ckpt_e22_s808000.safetensors,22,808000,256774.568207,48.273270,3.178096,527.906860,0.00000500
ckpt_e22_s809000.safetensors,22,809000,256256.173007,47.995377,3.103557,527.756348,0.00000500
ckpt_e22_s810000.safetensors,22,810000,255582.190288,48.208321,3.385870,527.490845,0.00000500
ckpt_e22_s811000.safetensors,22,811000,255924.945639,47.919800,2.840981,527.335022,0.00000500
ckpt_e22_s812000.safetensors,22,812000,256116.236902,47.951569,3.077647,527.168945,0.00000500
ckpt_e22_s813000.safetensors,22,813000,256574.285038,48.037724,3.092961,527.064941,0.00000500
ckpt_e22_s814000.safetensors,22,814000,256300.322601,47.850441,2.917602,526.686279,0.00000500
ckpt_e23_s815000.safetensors,23,815000,276386.878000,47.910885,3.120477,526.484619,0.00000500
ckpt_e23_s816000.safetensors,23,816000,277345.142835,47.866730,3.229729,526.213013,0.00000500
ckpt_e23_s817000.safetensors,23,817000,277594.639892,47.859249,3.070920,526.184021,0.00000500
ckpt_e23_s818000.safetensors,23,818000,268402.965223,47.923092,3.239623,525.904968,0.00000500
ckpt_e23_s819000.safetensors,23,819000,274676.361546,47.713200,3.126281,525.641235,0.00000500
ckpt_e23_s820000.safetensors,23,820000,270874.495670,47.506130,2.863454,525.482361,0.00000500
ckpt_e23_s821000.safetensors,23,821000,273480.542790,47.705276,3.124737,525.261047,0.00000500
ckpt_e23_s822000.safetensors,23,822000,272277.567298,47.676979,3.016276,525.077393,0.00000500
ckpt_e23_s823000.safetensors,23,823000,273840.819366,47.830750,3.307153,524.809387,0.00000500
ckpt_e23_s824000.safetensors,23,824000,274235.886023,47.746750,3.173372,524.606445,0.00000500
ckpt_e23_s825000.safetensors,23,825000,272820.555757,47.483860,2.982554,524.391235,0.00000500
ckpt_e23_s826000.safetensors,23,826000,276301.626641,47.520645,3.138651,524.065002,0.00000500
ckpt_e23_s827000.safetensors,23,827000,270872.986006,47.718498,3.339900,523.918274,0.00000500
ckpt_e23_s828000.safetensors,23,828000,272863.065022,47.543045,3.177289,523.747742,0.00000500
ckpt_e23_s829000.safetensors,23,829000,272623.681275,47.373638,2.987165,523.689941,0.00000500
ckpt_e23_s830000.safetensors,23,830000,273672.461972,47.550129,3.291721,523.267761,0.00000500
ckpt_e23_s831000.safetensors,23,831000,272848.868716,47.877670,3.364191,523.140015,0.00000500
ckpt_e23_s832000.safetensors,23,832000,272905.204542,47.545860,3.306672,522.847595,0.00000500
ckpt_e23_s833000.safetensors,23,833000,272200.215081,47.556614,3.331961,522.675903,0.00000500
ckpt_e23_s834000.safetensors,23,834000,270734.273419,47.569569,3.339140,522.484558,0.00000500
ckpt_e23_s835000.safetensors,23,835000,272107.175079,47.318851,3.071327,522.330933,0.00000500
ckpt_e23_s836000.safetensors,23,836000,271470.540512,47.233028,2.988432,522.064697,0.00000500
ckpt_e23_s837000.safetensors,23,837000,272391.290858,47.162006,2.965228,521.829895,0.00000500
ckpt_e23_s838000.safetensors,23,838000,272029.594961,47.198524,3.158636,521.676819,0.00000500
ckpt_e23_s839000.safetensors,23,839000,272234.949292,47.119225,2.981941,521.481934,0.00000500
ckpt_e23_s840000.safetensors,23,840000,271082.706833,46.919331,2.804935,521.333984,0.00000500
ckpt_e23_s841000.safetensors,23,841000,269562.536969,47.054359,2.872670,521.096619,0.00000500
ckpt_e23_s842000.safetensors,23,842000,271304.499562,47.079205,2.877883,520.931580,0.00000500
ckpt_e23_s843000.safetensors,23,843000,271280.970150,47.115639,3.018304,520.683228,0.00000500
ckpt_e23_s844000.safetensors,23,844000,270674.360929,47.201763,2.991481,520.689514,0.00000500
ckpt_e23_s845000.safetensors,23,845000,270685.434737,46.959980,3.023273,520.228394,0.00000500
ckpt_e23_s846000.safetensors,23,846000,270142.477006,47.051102,3.055956,520.074158,0.00000500
ckpt_e23_s847000.safetensors,23,847000,270121.365367,46.713505,2.763918,519.824158,0.00000500
ckpt_e23_s848000.safetensors,23,848000,270512.254730,46.836830,2.825239,519.572815,0.00000500
ckpt_e23_s849000.safetensors,23,849000,270546.495451,46.974659,2.921675,519.518494,0.00000500
ckpt_e23_s850000.safetensors,23,850000,270117.894965,46.569584,2.830705,519.140320,0.00000500
ckpt_e23_s851000.safetensors,23,851000,270084.492530,46.684330,2.821742,518.950439,0.00000500
ckpt_e24_s852000.safetensors,24,852000,235235.427943,46.483841,2.707938,518.793640,0.00000500
ckpt_e24_s853000.safetensors,24,853000,232554.820435,46.668442,2.935745,518.644775,0.00000500
ckpt_e24_s854000.safetensors,24,854000,227975.538389,46.561249,2.825211,518.353271,0.00000500
ckpt_e24_s855000.safetensors,24,855000,227552.085460,46.530785,2.920276,518.091309,0.00000500
ckpt_e24_s856000.safetensors,24,856000,233895.085581,46.432461,2.824847,517.800293,0.00000500
ckpt_e24_s857000.safetensors,24,857000,229880.320813,46.900021,3.319614,517.595093,0.00000500
ckpt_e24_s858000.safetensors,24,858000,230947.986258,46.321335,2.759809,517.475159,0.00000500
ckpt_e24_s859000.safetensors,24,859000,232338.679934,46.374538,2.862364,517.140320,0.00000500
ckpt_e24_s860000.safetensors,24,860000,231122.921900,46.697044,3.069542,517.064819,0.00000500
ckpt_e24_s861000.safetensors,24,861000,229495.353564,46.226215,2.799517,516.717712,0.00000500
ckpt_e24_s862000.safetensors,24,862000,229908.722004,46.558960,3.085178,516.535339,0.00000500
ckpt_e24_s863000.safetensors,24,863000,232325.197239,46.288700,2.909290,516.308411,0.00000500
ckpt_e24_s864000.safetensors,24,864000,231570.566916,46.382919,2.984452,516.121277,0.00000500
ckpt_e24_s865000.safetensors,24,865000,230066.779418,46.438114,3.154460,515.868896,0.00000500
ckpt_e24_s866000.safetensors,24,866000,231284.967707,46.273579,2.967337,515.692322,0.00000500
ckpt_e24_s867000.safetensors,24,867000,229371.537051,46.583488,2.837975,516.016602,0.00000500
ckpt_e24_s868000.safetensors,24,868000,230122.126057,46.213791,2.956850,515.205017,0.00000500
ckpt_e24_s869000.safetensors,24,869000,231718.854745,46.192860,2.923986,515.062012,0.00000500
ckpt_e24_s870000.safetensors,24,870000,231854.304867,46.052490,2.815471,514.845825,0.00000500
ckpt_e24_s871000.safetensors,24,871000,230631.691084,46.148815,2.980946,514.626038,0.00000500
ckpt_e24_s872000.safetensors,24,872000,230894.967531,46.142475,3.121993,514.280579,0.00000500
ckpt_e24_s873000.safetensors,24,873000,230008.619547,46.126606,3.132044,514.096924,0.00000500
ckpt_e24_s874000.safetensors,24,874000,229175.369469,46.200722,3.227487,513.950928,0.00000500
ckpt_e24_s875000.safetensors,24,875000,229268.551687,45.874329,2.836563,513.776245,0.00000500
ckpt_e24_s876000.safetensors,24,876000,230400.496821,46.088871,3.051097,513.529114,0.00000500
ckpt_e24_s877000.safetensors,24,877000,230391.379322,46.377350,3.017414,513.498779,0.00000500
ckpt_e24_s878000.safetensors,24,878000,229212.689550,46.152119,3.218976,513.119812,0.00000500
ckpt_e24_s879000.safetensors,24,879000,229495.838596,45.930519,2.992181,512.923096,0.00000500
ckpt_e24_s880000.safetensors,24,880000,229164.498631,46.161430,3.345224,512.658813,0.00000500
ckpt_e24_s881000.safetensors,24,881000,229455.086717,45.651859,2.915102,512.299866,0.00000500
ckpt_e24_s882000.safetensors,24,882000,229733.598439,45.855228,3.093771,512.120117,0.00000500
ckpt_e24_s883000.safetensors,24,883000,228522.201545,46.010201,3.359888,511.942596,0.00000500
ckpt_e24_s884000.safetensors,24,884000,228836.887445,45.875389,3.187033,511.681305,0.00000500
ckpt_e24_s885000.safetensors,24,885000,228546.404045,45.679760,2.978181,511.509674,0.00000500
ckpt_e24_s886000.safetensors,24,886000,229111.114194,45.475136,3.018522,511.156311,0.00000500
ckpt_e24_s887000.safetensors,24,887000,229698.912509,45.836102,3.272990,511.108124,0.00000500
ckpt_e24_s888000.safetensors,24,888000,228560.221162,45.714664,3.187111,510.839081,0.00000500
