ckpt_name,epoch,step,loss_train,loss_val,x0_err_val,lr
ckpt_e1_s1562,1,1562,1297060.83299140,1300973.35272217,781.45029449,9.999925864e-05
ckpt_e2_s3124,2,3124,1309963.01144194,1295297.49493408,788.29231399,9.999682831e-05
ckpt_e3_s4686,3,4686,1304136.18039825,1288662.93029785,757.75439286,9.99927056e-05
ckpt_e4_s6248,4,6248,1300119.20263086,1281003.36120605,755.78758991,9.99868907e-05
ckpt_e5_s7810,5,7810,1297851.80224875,1272416.75976562,750.99096942,9.99793838e-05
ckpt_e6_s9372,6,9372,1297462.05724522,1262897.26959229,767.86627793,9.997018521e-05
ckpt_e7_s10934,7,10934,1296140.76497249,1252609.57824707,743.36858213,9.995929525e-05
ckpt_e8_s12496,8,12496,1287231.24600023,1241857.39978027,725.83398390,9.994671434e-05
ckpt_e9_s14058,9,14058,1281083.55643076,1230168.47253418,754.88480633,9.993244296e-05
ckpt_e10_s15620,10,15620,1278523.73080735,1217655.97296143,768.30265418,9.991648164e-05
ckpt_e11_s17182,11,17182,1275364.94776646,1204621.21173096,761.87625813,9.989883097e-05
ckpt_e12_s18744,12,18744,1267654.68265783,1191342.68814087,716.17531377,9.987949164e-05
ckpt_e13_s20306,13,20306,1261567.88216513,1177082.92077637,665.80601874,9.985846435e-05
ckpt_e14_s21868,14,21868,1254997.61451361,1162556.21368408,701.65531391,9.983574991e-05
ckpt_e15_s23430,15,23430,1250396.77508165,1147280.11962891,607.33498621,9.981134917e-05
ckpt_e16_s24992,16,24992,1242291.21010171,1131947.02590942,698.65886202,9.978526304e-05
ckpt_e17_s26554,17,26554,1236460.58252556,1115961.77838135,662.11550826,9.97574925e-05
ckpt_e18_s28116,18,28116,1233809.40612228,1099368.20111084,637.95627707,9.972803861e-05
ckpt_e19_s29678,19,29678,1228473.98622376,1082877.93099976,613.13195232,9.969690246e-05
ckpt_e20_s31240,20,31240,1220210.38210389,1066334.81637573,661.24816409,9.966408524e-05
ckpt_e21_s32802,21,32802,1213575.90598310,1049143.06927490,630.93719003,9.962958817e-05
ckpt_e22_s34364,22,34364,1206643.47482607,1031995.91903687,616.40952164,9.959341255e-05
ckpt_e23_s35926,23,35926,1200750.02877052,1014257.14782715,587.45196578,9.955555974e-05
ckpt_e24_s37488,24,37488,1195081.25650797,996582.07574463,522.47273779,9.951603116e-05
ckpt_e25_s39050,25,39050,1186071.65990124,979176.01568604,550.44179244,9.947482831e-05
ckpt_e26_s40612,26,40612,1178196.42618193,961325.29046631,579.08222431,9.943195273e-05
ckpt_e27_s42174,27,42174,1169499.67481483,943584.39302063,559.14278343,9.938740604e-05
ckpt_e28_s43736,28,43736,1161017.06118869,925431.80503082,584.50403513,9.93411899e-05
ckpt_e29_s45298,29,45298,1152753.92257418,907290.90254974,512.19604574,9.929330607e-05
ckpt_e30_s46860,30,46860,1144571.32700676,889322.66914368,533.02410945,9.924375633e-05
ckpt_e31_s48422,31,48422,1136872.46795389,871107.79885101,466.71322681,9.919254255e-05
ckpt_e32_s49984,32,49984,1127801.69459498,853705.09967804,531.44432092,9.913966666e-05
ckpt_e33_s51546,33,51546,1118753.70776514,835915.40774155,536.17088741,9.908513065e-05
ckpt_e34_s53108,34,53108,1110629.96392740,817929.16642761,499.78244317,9.902893657e-05
ckpt_e35_s54670,35,54670,1102731.39230923,800055.69358063,430.87387823,9.897108653e-05
ckpt_e36_s56232,36,56232,1093755.84192087,782950.18017960,478.49755278,9.891158271e-05
ckpt_e37_s57794,37,57794,1085195.91796448,765339.21733475,458.70324735,9.885042735e-05
ckpt_e38_s59356,38,59356,1076370.32874610,748109.27597809,410.94331516,9.878762274e-05
ckpt_e39_s60918,39,60918,1068175.25219632,730829.74974823,434.58557426,9.872317124e-05
ckpt_e40_s62480,40,62480,1059196.43778600,713957.03274059,424.09388222,9.865707529e-05
ckpt_e41_s64042,41,64042,1050832.68834917,696880.81219482,423.63313656,9.858933737e-05
ckpt_e42_s65604,42,65604,1043666.31568317,679546.76256275,373.42493351,9.851996003e-05
ckpt_e43_s67166,43,67166,1035776.02966147,663308.11994934,372.07513307,9.844894586e-05
ckpt_e44_s68728,44,68728,1026868.50879238,647532.38344574,380.28742317,9.837629756e-05
ckpt_e45_s70290,45,70290,1018766.83281425,631276.80112076,391.56793531,9.830201784e-05
ckpt_e46_s71852,46,71852,1010327.61960771,615411.68008184,373.60089095,9.822610951e-05
ckpt_e47_s73414,47,73414,1002566.92819251,599647.72985935,375.07284411,9.814857541e-05
ckpt_e48_s74976,48,74976,994589.98153810,584065.63863754,325.44560523,9.806941846e-05
ckpt_e49_s76538,49,76538,985722.79799292,569402.55246782,326.73160235,9.798864165e-05
ckpt_e50_s78100,50,78100,977532.44511479,554433.12321949,321.19462852,9.7906248e-05
ckpt_e51_s79662,51,79662,969012.28137107,539700.18601108,339.40416644,9.782224062e-05
ckpt_e52_s81224,52,81224,960512.38543500,525298.33900070,337.76826500,9.773662267e-05
ckpt_e53_s82786,53,82786,952094.42961494,511023.29726684,297.79263304,9.764939736e-05
ckpt_e54_s84348,54,84348,943879.20002483,496891.94537500,300.74938247,9.756056798e-05
ckpt_e55_s85910,55,85910,935845.28393768,483028.45328164,292.60787987,9.747013787e-05
ckpt_e56_s87472,56,87472,927346.97331620,469921.80392778,264.66778350,9.737811043e-05
ckpt_e57_s89034,57,89034,919157.50855900,456431.52105194,281.20475949,9.728448912e-05
ckpt_e58_s90596,58,90596,911159.13018643,443061.58924371,281.74461289,9.718927747e-05
ckpt_e59_s92158,59,92158,903257.39603835,430175.16323020,251.91588048,9.709247904e-05
ckpt_e60_s93720,60,93720,895187.33953302,417969.86908558,278.15438113,9.699409749e-05
ckpt_e61_s95282,61,95282,887235.32751503,405405.16114311,237.82613182,9.689413651e-05
ckpt_e62_s96844,62,96844,879342.34266258,393381.03664622,257.37775617,9.679259987e-05
ckpt_e63_s98406,63,98406,871587.18454089,381456.71129854,252.62585464,9.668949137e-05
ckpt_e64_s99968,64,99968,863662.71528292,369959.30872170,239.05007505,9.658481491e-05
ckpt_e65_s101530,65,101530,855998.48578799,358194.96887042,224.35810670,9.647857442e-05
ckpt_e66_s103092,66,103092,848867.55054966,346554.74095234,212.35242189,9.637077388e-05
ckpt_e67_s104654,67,104654,841496.93203688,335546.62629306,212.70161025,9.626141737e-05
ckpt_e68_s106216,68,106216,833819.42996281,325404.80957091,223.29586700,9.615050898e-05
ckpt_e69_s107778,69,107778,826442.08319759,315215.64784265,198.21771859,9.60380529e-05
ckpt_e70_s109340,70,109340,819054.49589627,304601.14369622,186.88191046,9.592405335e-05
ckpt_e71_s110902,71,110902,811944.46268003,294598.37873557,190.48486259,9.580851461e-05
ckpt_e72_s112464,72,112464,804842.02913942,284493.76218130,183.58394398,9.569144105e-05
ckpt_e73_s114026,73,114026,797553.84635501,275416.34010874,194.79375680,9.557283704e-05
ckpt_e74_s115588,74,115588,790461.49996053,266689.38228467,175.63881687,9.545270707e-05
ckpt_e75_s117150,75,117150,783335.79277815,257694.02288310,165.31215077,9.533105564e-05
ckpt_e76_s118712,76,118712,776300.56033893,248973.66452970,177.02746095,9.520788734e-05
ckpt_e77_s120274,77,120274,769332.02683980,240501.09684581,160.20905354,9.508320679e-05
ckpt_e78_s121836,78,121836,762552.17445296,232242.01838307,169.56536509,9.495701868e-05
ckpt_e79_s123398,79,123398,755851.13013146,223976.98697963,173.22304418,9.482932776e-05
ckpt_e80_s124960,80,124960,749023.79764541,216327.17855623,154.92295802,9.470013884e-05
ckpt_e81_s126522,81,126522,742310.92329707,208939.19300267,160.91808401,9.456945676e-05
ckpt_e82_s128084,82,128084,735767.17608670,201615.73187360,151.06456693,9.443728646e-05
ckpt_e83_s129646,83,129646,729357.25831636,194124.13173777,144.56839454,9.430363288e-05
ckpt_e84_s131208,84,131208,722879.20264467,188144.64560577,167.13397006,9.416850108e-05
ckpt_e85_s132770,85,132770,716489.34695889,180601.84825855,125.14039376,9.403189612e-05
ckpt_e86_s134332,86,134332,710157.86808516,174101.11804575,150.47631004,9.389382314e-05
ckpt_e87_s135894,87,135894,703939.29294848,168084.30642346,117.19355498,9.375428734e-05
ckpt_e88_s137456,88,137456,697712.26134765,161665.18314222,130.11872631,9.361329397e-05
ckpt_e89_s139018,89,139018,691628.03689231,155455.63030641,112.22488458,9.347084832e-05
ckpt_e90_s140580,90,140580,685784.02555097,149185.74032784,120.70420552,9.332695576e-05
ckpt_e91_s142142,91,142142,679934.79009027,143560.38897637,106.16319332,9.318162169e-05
ckpt_e92_s143704,92,143704,674002.06570783,138997.86557353,113.71865673,9.303485159e-05
ckpt_e93_s145266,93,145266,668222.88249908,133103.42547411,112.15633935,9.288665098e-05
ckpt_e94_s146828,94,146828,662490.81334977,127996.83307557,106.20066296,9.273702542e-05
ckpt_e95_s148390,95,148390,656891.78059117,123042.90221810,122.60622606,9.258598054e-05
ckpt_e96_s149952,96,149952,651345.51843217,118731.48273832,103.77328174,9.243352204e-05
ckpt_e97_s151514,97,151514,645775.78540352,113684.52430514,88.90779273,9.227965563e-05
ckpt_e98_s153076,98,153076,640327.73727686,109905.97853366,89.31877418,9.212438711e-05
ckpt_e99_s154638,99,154638,634899.17928887,105090.41914165,94.88981321,9.196772231e-05
ckpt_e100_s156200,100,156200,629538.86483897,101249.25936720,101.61612089,9.180966714e-05
ckpt_e101_s157762,101,157762,624223.95303413,97026.45853747,85.71573275,9.165022753e-05
ckpt_e102_s159324,102,159324,619056.95738052,92870.79558535,83.70062149,9.148940948e-05
ckpt_e103_s160886,103,160886,613920.85002824,89205.81867932,77.49944514,9.132721903e-05
ckpt_e104_s162448,104,162448,608814.80396949,85612.37154251,77.01093708,9.11636623e-05
ckpt_e105_s164010,105,164010,603754.54321406,82482.53829786,83.42089123,9.099874543e-05
ckpt_e106_s165572,106,165572,598794.03907196,79246.36135247,74.47765262,9.083247462e-05
ckpt_e107_s167134,107,167134,593906.53017470,75636.00280803,70.51383710,9.066485612e-05
ckpt_e108_s168696,108,168696,589070.01855775,72700.02551672,74.53998901,9.049589625e-05
ckpt_e109_s170258,109,170258,584278.73252835,69825.67343846,76.07642191,9.032560135e-05
ckpt_e110_s171820,110,171820,579556.57248007,66972.62472047,69.69049465,9.015397783e-05
ckpt_e111_s173382,111,173382,574918.00294142,64245.97380024,70.31395292,8.998103215e-05
ckpt_e112_s174944,112,174944,570319.10564453,61446.70077763,67.32985789,8.980677081e-05
ckpt_e113_s176506,113,176506,565792.55710116,58876.12634811,53.29028930,8.963120036e-05
ckpt_e114_s178068,114,178068,561384.21048377,56097.02751526,51.33061609,8.945432741e-05
ckpt_e115_s179630,115,179630,557000.28240701,53646.66779925,56.55506377,8.927615861e-05
ckpt_e116_s181192,116,181192,552629.57212482,51546.91394163,56.38871139,8.909670066e-05
ckpt_e117_s182754,117,182754,548338.06681546,49327.11674352,58.75381206,8.891596031e-05
ckpt_e118_s184316,118,184316,544095.56624186,47151.94608954,51.83710372,8.873394435e-05
ckpt_e119_s185878,119,185878,539910.35683025,45402.15810984,53.03422591,8.855065964e-05
ckpt_e120_s187440,120,187440,535794.68967230,43359.61656958,48.21618112,8.836611307e-05
ckpt_e121_s189002,121,189002,531695.45793381,41487.66103423,48.63552108,8.818031158e-05
ckpt_e122_s190564,122,190564,527665.11249580,39700.40852344,48.21758838,8.799326215e-05
ckpt_e123_s192126,123,192126,523671.06434536,38097.72640321,43.37869362,8.780497182e-05
ckpt_e124_s193688,124,193688,519739.76247621,36514.65666252,41.69246268,8.761544768e-05
ckpt_e125_s195250,125,195250,515845.56200417,35292.61444265,50.13016064,8.742469684e-05
ckpt_e126_s196812,126,196812,512020.34237593,33396.23329614,43.26068870,8.72327265e-05
ckpt_e127_s198374,127,198374,508237.34786183,31974.58931670,39.51551274,8.703954385e-05
ckpt_e128_s199936,128,199936,504494.64804110,30925.61034733,46.08722178,8.684515618e-05
ckpt_e129_s201498,129,201498,500793.64071880,29630.46133074,40.22116278,8.664957079e-05
ckpt_e130_s203060,130,203060,497161.35063288,29095.18475123,49.69588293,8.645279504e-05
ckpt_e131_s204622,131,204622,493562.20858646,27249.35059592,41.43871607,8.625483633e-05
ckpt_e132_s206184,132,206184,490011.56925660,26043.07512917,35.79611077,8.605570211e-05
ckpt_e133_s207746,133,207746,486505.83050151,24794.52102242,41.53446227,8.585539985e-05
ckpt_e134_s209308,134,209308,483042.98416384,23706.48009031,36.11284834,8.565393711e-05
ckpt_e135_s210870,135,210870,479636.00509299,22591.68682799,34.49133506,8.545132145e-05
ckpt_e136_s212432,136,212432,476260.34517883,21796.51527409,40.64215391,8.524756049e-05
ckpt_e137_s213994,137,213994,472936.29548146,20872.76303133,38.48481788,8.504266191e-05
ckpt_e138_s215556,138,215556,469677.27155779,19649.95682415,35.67407197,8.48366334e-05
ckpt_e139_s217118,139,217118,466442.62610597,18948.93140592,41.53194095,8.462948271e-05
ckpt_e140_s218680,140,218680,463233.38760558,18143.55906685,33.86442785,8.442121764e-05
ckpt_e141_s220242,141,220242,460078.94230737,17190.26765312,28.46854258,8.421184601e-05
ckpt_e142_s221804,142,221804,456956.24272937,16402.62726884,32.36889886,8.400137571e-05
ckpt_e143_s223366,143,223366,453878.97371835,15672.12965029,34.48657706,8.378981465e-05
ckpt_e144_s224928,144,224928,450839.67295805,14884.91732647,26.16129617,8.357717079e-05
ckpt_e145_s226490,145,226490,447823.51903123,14280.90391319,28.34624168,8.336345211e-05
ckpt_e146_s228052,146,228052,444855.03918515,13672.88027823,30.39140007,8.314866667e-05
ckpt_e147_s229614,147,229614,441916.73645063,13144.66655837,23.78155159,8.293282254e-05
ckpt_e148_s231176,148,231176,439016.44196789,12598.08491497,25.16301190,8.271592784e-05
ckpt_e149_s232738,149,232738,436148.69444334,13276.75631857,40.17168339,8.249799072e-05
ckpt_e150_s234300,150,234300,433318.16906359,11638.85319708,30.71747840,8.227901938e-05
ckpt_e151_s235862,151,235862,430525.94036505,11067.22151887,26.25762496,8.205902206e-05
ckpt_e152_s237424,152,237424,427763.12658509,10864.61287069,26.63154426,8.183800703e-05
ckpt_e153_s238986,153,238986,425032.68135321,10258.79061623,26.82673919,8.161598261e-05
ckpt_e154_s240548,154,240548,422337.62451839,10083.03911717,28.19257544,8.139295714e-05
ckpt_e155_s242110,155,242110,419674.59159237,9566.63906027,18.45939649,8.116893902e-05
ckpt_e156_s243672,156,243672,417045.01760781,9234.30707552,23.46800767,8.094393666e-05
ckpt_e157_s245234,157,245234,414444.18004661,8669.89637876,21.69404729,8.071795854e-05
ckpt_e158_s246796,158,246796,411875.61116097,8568.49221458,26.07268978,8.049101315e-05
ckpt_e159_s248358,159,248358,409337.21310773,7949.76463646,24.66895948,8.026310902e-05
ckpt_e160_s249920,160,249920,406829.14792111,8320.62675166,30.58775757,8.003425473e-05
ckpt_e161_s251482,161,251482,404353.18922783,7406.38245322,23.13775851,7.980445888e-05
ckpt_e162_s253044,162,253044,401910.58417274,6912.74218516,18.42861331,7.957373012e-05
ckpt_e163_s254606,163,254606,399490.99226024,6714.85975528,21.10798276,7.934207713e-05
ckpt_e164_s256168,164,256168,397096.40709717,6337.61488406,17.25371755,7.910950861e-05
ckpt_e165_s257730,165,257730,394731.57003416,6071.62361808,18.80900586,7.887603332e-05
ckpt_e166_s259292,166,259292,392392.56872822,5949.51077144,25.10584077,7.864166004e-05
ckpt_e167_s260854,167,260854,390081.77749737,5620.04276511,18.41165930,7.840639758e-05
ckpt_e168_s262416,168,262416,387797.62075853,5415.11181271,21.33129016,7.817025478e-05
ckpt_e169_s263978,169,263978,385537.06107191,5692.53316396,21.95377940,7.793324054e-05
ckpt_e170_s265540,170,265540,383303.06000249,4943.01728393,19.32795965,7.769536376e-05
ckpt_e171_s267102,171,267102,381092.09599769,4784.59149146,20.84807720,7.74566334e-05
ckpt_e172_s268664,172,268664,378907.87879722,4666.23236477,16.44039183,7.721705843e-05
ckpt_e173_s270226,173,270226,376745.57869282,4449.36214095,17.15525324,7.697664785e-05
ckpt_e174_s271788,174,271788,374611.03957431,4705.53478968,24.63236049,7.673541073e-05
ckpt_e175_s273350,175,273350,372498.24980672,4314.28086175,17.74882828,7.649335611e-05
ckpt_e176_s274912,176,274912,370407.74102277,4166.13118173,21.77584053,7.625049312e-05
ckpt_e177_s276474,177,276474,368340.85523115,3974.46439853,16.74624202,7.600683089e-05
ckpt_e178_s278036,178,278036,366296.64198569,3746.00718415,16.34094081,7.576237857e-05
ckpt_e179_s279598,179,279598,364273.75076160,3753.23278053,19.84208631,7.551714536e-05
ckpt_e180_s281160,180,281160,362274.01141215,3696.86237276,25.93983392,7.527114049e-05
ckpt_e181_s282722,181,282722,360295.10901201,3517.89047702,15.77657712,7.502437321e-05
ckpt_e182_s284284,182,284284,358337.63023254,3427.59637395,18.12855560,7.47768528e-05
ckpt_e183_s285846,183,285846,356402.88296335,3570.63470295,17.75754830,7.452858857e-05
ckpt_e184_s287408,184,287408,354486.17114337,3128.01363297,15.92264704,7.427958986e-05
ckpt_e185_s288970,185,288970,352590.23609026,3078.58309636,19.96242569,7.402986603e-05
ckpt_e186_s290532,186,290532,350715.67614303,3036.65408533,20.04958705,7.377942647e-05
ckpt_e187_s292094,187,292094,348859.00828014,2835.46558753,14.77958875,7.35282806e-05
ckpt_e188_s293656,188,293656,347020.12700948,2777.12470991,15.02978139,7.327643788e-05
ckpt_e189_s295218,189,295218,345201.89577864,2588.39674754,15.54922176,7.302390776e-05
ckpt_e190_s296780,190,296780,343402.17127082,2771.77685376,19.56129015,7.277069975e-05
ckpt_e191_s298342,191,298342,341620.92360271,2506.31133169,17.93468193,7.251682338e-05
ckpt_e192_s299904,192,299904,339857.68458623,2420.99566750,13.64737918,7.226228818e-05
ckpt_e193_s301466,193,301466,338112.01251255,2730.66274053,21.87338554,7.200710374e-05
ckpt_e194_s303028,194,303028,336384.58316401,2217.88104993,14.69886481,7.175127965e-05
ckpt_e195_s304590,195,304590,334675.46454378,2158.35220301,13.76653839,7.149482554e-05
ckpt_e196_s306152,196,306152,332982.36207886,2094.47143057,14.60895704,7.123775104e-05
ckpt_e197_s307714,197,307714,331305.86908881,2195.09611693,18.91369618,7.098006583e-05
ckpt_e198_s309276,198,309276,329646.46403764,1967.39020058,14.61903732,7.07217796e-05
ckpt_e199_s310838,199,310838,328003.62031640,2093.28054859,22.77524393,7.046290206e-05
ckpt_e200_s312400,200,312400,326377.15405003,1925.15025550,12.35306776,7.020344295e-05
ckpt_e201_s313962,201,313962,324766.25223782,1934.00963020,12.40802710,6.994341203e-05
ckpt_e202_s315524,202,315524,323171.29256568,2023.17150441,15.27713057,6.968281908e-05
ckpt_e203_s317086,203,317086,321592.18005010,1788.48444119,14.69569073,6.942167389e-05
ckpt_e204_s318648,204,318648,320028.08803798,1705.09278984,11.67124141,6.91599863e-05
ckpt_e205_s320210,205,320210,318478.48977284,1725.39002744,14.42592327,6.889776614e-05
ckpt_e206_s321772,206,321772,316944.50577038,1805.96663418,19.36615141,6.863502328e-05
ckpt_e207_s323334,207,323334,315425.27650499,1756.45145097,14.52924116,6.83717676e-05
ckpt_e208_s324896,208,324896,313919.39114288,1621.60083574,13.71500875,6.810800899e-05
ckpt_e209_s326458,209,326458,312428.24350067,1544.52203879,12.71739703,6.784375738e-05
ckpt_e210_s328020,210,328020,310951.37834995,1579.58582291,15.40371663,6.757902271e-05
ckpt_e211_s329582,211,329582,309487.59116072,1531.16433415,17.67178851,6.731381494e-05
ckpt_e212_s331144,212,331144,308036.94518953,1443.10167386,13.36030040,6.704814403e-05
ckpt_e213_s332706,213,332706,306600.48639417,1451.92980563,15.39502035,6.678201999e-05
ckpt_e214_s334268,214,334268,305176.92788294,1379.87541158,11.60568686,6.651545281e-05
ckpt_e215_s335830,215,335830,303766.32589087,1854.34169105,20.60023685,6.624845253e-05
ckpt_e216_s337392,216,337392,302369.45296140,1475.31291807,17.36199776,6.598102919e-05
ckpt_e217_s338954,217,338954,300984.84360604,1413.35736570,12.36714095,6.571319285e-05
ckpt_e218_s340516,218,340516,299613.75302367,1456.72338566,16.48468981,6.544495357e-05
ckpt_e219_s342078,219,342078,298254.66517357,1260.20377617,12.48528137,6.517632146e-05
ckpt_e220_s343640,220,343640,296908.23555140,1284.98824329,13.51773004,6.49073066e-05
ckpt_e221_s345202,221,345202,295573.08998553,1342.61451648,13.40682828,6.463791913e-05
ckpt_e222_s346764,222,346764,294249.77531086,1163.70317165,11.71443135,6.436816916e-05
ckpt_e223_s348326,223,348326,292938.06250743,1146.56536499,12.11375103,6.409806686e-05
ckpt_e224_s349888,224,349888,291638.74913792,1134.65836440,14.49493806,6.382762236e-05
ckpt_e225_s351450,225,351450,290350.43183966,1237.44388691,14.75968413,6.355684586e-05
ckpt_e226_s353012,226,353012,289074.22667885,1120.75992024,14.68282058,6.328574753e-05
ckpt_e227_s354574,227,354574,287808.27954107,1096.62679058,12.21153431,6.301433756e-05
ckpt_e228_s356136,228,356136,286553.90425169,1163.62411090,16.21301566,6.274262617e-05
ckpt_e229_s357698,229,357698,285310.06206520,1143.84442200,17.45701218,6.247062358e-05
ckpt_e230_s359260,230,359260,284077.46210357,1038.20560425,11.11791843,6.219834001e-05
ckpt_e231_s360822,231,360822,282855.63751700,1013.90710305,10.66184233,6.19257857e-05
ckpt_e232_s362384,232,362384,281643.22873773,987.09487955,11.07000900,6.165297091e-05
ckpt_e233_s363946,233,363946,280441.66177448,1052.72214672,12.41285512,6.13799059e-05
ckpt_e234_s365508,234,365508,279250.36321564,1087.86486841,12.19045749,6.110660094e-05
ckpt_e235_s367070,235,367070,278068.57186885,971.81356154,13.36195632,6.08330663e-05
ckpt_e236_s368632,236,368632,276896.59733465,981.83030577,15.63968068,6.055931228e-05
ckpt_e237_s370194,237,370194,275734.75772138,941.51343907,12.79596564,6.028534916e-05
ckpt_e238_s371756,238,371756,274582.00238209,1137.03911532,13.67986020,6.001118727e-05
ckpt_e239_s373318,239,373318,273439.40540359,923.67545068,19.01762217,5.973683689e-05
ckpt_e240_s374880,240,374880,272306.04305866,909.90272379,10.33695957,5.946230837e-05
ckpt_e241_s376442,241,376442,271182.52337834,850.94958828,9.91011509,5.918761201e-05
ckpt_e242_s378004,242,378004,270068.45075028,901.73392686,13.11314918,5.891275815e-05
ckpt_e243_s379566,243,379566,268963.36211497,1656.73735684,24.20895011,5.863775713e-05
ckpt_e244_s381128,244,381128,267867.54942043,856.98872684,10.96163395,5.83626193e-05
ckpt_e245_s382690,245,382690,266779.84556614,903.00364091,12.49960583,5.808735499e-05
ckpt_e246_s384252,246,384252,265701.22473165,822.72098693,13.54859554,5.781197456e-05
ckpt_e247_s385814,247,385814,264631.54314141,845.57430037,12.17222331,5.753648838e-05
ckpt_e248_s387376,248,387376,263570.19617219,835.36203758,12.77351983,5.72609068e-05
ckpt_e249_s388938,249,388938,262517.38521458,791.14033993,11.35456839,5.698524018e-05
ckpt_e250_s390500,250,390500,261473.14880978,914.71337487,13.12531881,5.670949889e-05
ckpt_e251_s392062,251,392062,260436.97441606,785.57955334,11.19865366,5.643369331e-05
ckpt_e252_s393624,252,393624,259409.11745870,800.55601803,12.66864655,5.615783381e-05
ckpt_e253_s395186,253,395186,258389.26820026,791.18775620,14.14369203,5.588193076e-05
ckpt_e254_s396748,254,396748,257377.48158956,720.28796224,11.15217210,5.560599454e-05
ckpt_e255_s398310,255,398310,256373.96923695,761.97167750,13.86495684,5.533003553e-05
ckpt_e256_s399872,256,399872,255377.78975082,751.59640954,10.71148586,5.505406411e-05
ckpt_e257_s401434,257,401434,254389.12152828,691.41646984,9.66725156,5.477809065e-05
ckpt_e258_s402996,258,402996,253408.22000351,717.27446099,10.06760780,5.450212554e-05
ckpt_e259_s404558,259,404558,252434.46731054,724.98180972,15.49900193,5.422617915e-05
ckpt_e260_s406120,260,406120,251468.25947435,772.50774583,11.75478315,5.395026187e-05
ckpt_e261_s407682,261,407682,250509.40704072,783.96993808,15.41006260,5.367438407e-05
ckpt_e262_s409244,262,409244,249557.72043476,907.04603532,12.02023343,5.339855613e-05
ckpt_e263_s410806,263,410806,248613.60069245,1030.22487095,18.16592374,5.312278842e-05
ckpt_e264_s412368,264,412368,247676.38213708,668.99076934,13.14550991,5.284709131e-05
ckpt_e265_s413930,265,413930,246746.51755901,649.10812515,11.24856796,5.257147517e-05
ckpt_e266_s415492,266,415492,245823.84886257,657.44030997,11.73323860,5.229595038e-05
ckpt_e267_s417054,267,417054,244907.70966335,669.05390128,12.27632982,5.202052728e-05
ckpt_e268_s418616,268,418616,243998.81387476,665.94146632,13.23266149,5.174521624e-05
ckpt_e269_s420178,269,420178,243096.27312884,707.30642434,11.61206806,5.147002762e-05
ckpt_e270_s421740,270,421740,242200.32137140,619.69496673,11.38738286,5.119497176e-05
ckpt_e271_s423302,271,423302,241311.09366114,668.76594442,13.68525063,5.092005902e-05
ckpt_e272_s424864,272,424864,240428.56905050,633.73894540,10.90761238,5.064529972e-05
ckpt_e273_s426426,273,426426,239552.54861459,719.71740611,11.62753837,5.03707042e-05
ckpt_e274_s427988,274,427988,238682.47520724,661.75089324,12.26706135,5.00962828e-05
ckpt_e275_s429550,275,429550,237819.01619620,641.74444171,10.17972637,4.982204583e-05
ckpt_e276_s431112,276,431112,236961.84574964,767.60559051,15.55960007,4.95480036e-05
ckpt_e277_s432674,277,432674,236110.61219164,790.02772515,16.63965426,4.927416643e-05
ckpt_e278_s434236,278,434236,235265.89226360,640.10983630,10.90264096,4.900054461e-05
ckpt_e279_s435798,279,435798,234427.13606715,589.54786116,10.88505599,4.872714843e-05
ckpt_e280_s437360,280,437360,233593.67212548,599.58491021,12.42212137,4.845398818e-05
ckpt_e281_s438922,281,438922,232766.41140024,572.31630728,10.17743726,4.818107413e-05
ckpt_e282_s440484,282,440484,231945.26133017,547.84303741,8.18515852,4.790841655e-05
ckpt_e283_s442046,283,442046,231129.32635534,552.76668938,9.21648317,4.763602568e-05
ckpt_e284_s443608,284,443608,230319.11998244,532.52811671,9.02940599,4.736391178e-05
ckpt_e285_s445170,285,445170,229514.59164779,548.78490586,10.85522757,4.709208507e-05
ckpt_e286_s446732,286,446732,228715.74115715,542.43278944,11.42713565,4.682055579e-05
ckpt_e287_s448294,287,448294,227922.54809633,528.63754372,9.66910892,4.654933414e-05
ckpt_e288_s449856,288,449856,227134.61512208,562.33882119,10.11695796,4.627843033e-05
ckpt_e289_s451418,289,451418,226352.35360476,933.05766703,16.22839205,4.600785454e-05
ckpt_e290_s452980,290,452980,225575.95093789,521.79182792,9.96464081,4.573761695e-05
ckpt_e291_s454542,291,454542,224804.60328944,584.18533321,11.54236462,4.546772773e-05
ckpt_e292_s456104,292,456104,224038.50545373,505.18092051,10.09970316,4.519819702e-05
ckpt_e293_s457666,293,457666,223277.59911502,531.49429927,9.77699032,4.492903497e-05
ckpt_e294_s459228,294,459228,222521.56192830,598.28075661,11.18360210,4.466025169e-05
ckpt_e295_s460790,295,460790,221770.91177875,545.59655259,14.93477903,4.439185729e-05
ckpt_e296_s462352,296,462352,221025.29220452,524.31176490,10.81540562,4.412386188e-05
ckpt_e297_s463914,297,463914,220284.63231041,592.34046745,14.63357365,4.385627552e-05
ckpt_e298_s465476,298,465476,219549.11520350,702.24389334,18.75689744,4.358910829e-05
ckpt_e299_s467038,299,467038,218818.40573450,522.77816685,9.47421561,4.332237022e-05
ckpt_e300_s468600,300,468600,218092.67407649,496.90832296,9.58852760,4.305607136e-05
ckpt_e301_s470162,301,470162,217371.55911110,709.46548183,11.99538304,4.279022172e-05
ckpt_e302_s471724,302,471724,216655.34922801,477.07857989,9.71041969,4.25248313e-05
ckpt_e303_s473286,303,473286,215944.13744780,560.74959689,9.43350710,4.225991008e-05
ckpt_e304_s474848,304,474848,215237.05627759,530.99718134,10.92133034,4.199546802e-05
ckpt_e305_s476410,305,476410,214534.44826707,509.34844473,11.67508245,4.173151507e-05
ckpt_e306_s477972,306,477972,213836.72207800,528.12253737,11.25604608,4.146806116e-05
ckpt_e307_s479534,307,479534,213143.27554851,478.55942490,8.98416922,4.120511619e-05
ckpt_e308_s481096,308,481096,212454.14452527,509.65178552,10.11436604,4.094269006e-05
ckpt_e309_s482658,309,482658,211769.76070833,474.71625329,9.54539416,4.068079263e-05
ckpt_e310_s484220,310,484220,211089.45732346,504.57225533,9.80540327,4.041943376e-05
ckpt_e311_s485782,311,485782,210413.77319394,489.10461283,10.15008909,4.015862327e-05
ckpt_e312_s487344,312,487344,209742.47090019,505.78648709,13.95935727,3.989837098e-05
ckpt_e313_s488906,313,488906,209075.38442755,471.06223792,11.81163882,3.963868666e-05
ckpt_e314_s490468,314,490468,208413.03724496,464.29257033,9.55137746,3.93795801e-05
ckpt_e315_s492030,315,492030,207754.54341405,469.09473882,10.19207820,3.912106103e-05
ckpt_e316_s493592,316,493592,207100.36411592,493.82081949,11.72700784,3.886313918e-05
ckpt_e317_s495154,317,495154,206450.24010738,458.49211322,9.78743939,3.860582425e-05
ckpt_e318_s496716,318,496716,205803.93067478,489.63563389,12.48272431,3.834912592e-05
ckpt_e319_s498278,319,498278,205161.87505585,485.04445641,11.24796971,3.809305383e-05
ckpt_e320_s499840,320,499840,204523.95036412,548.77942398,11.49137161,3.783761763e-05
ckpt_e321_s501402,321,501402,203889.67152031,447.74928272,10.50910450,3.758282691e-05
ckpt_e322_s502964,322,502964,203259.57721467,437.32166259,8.20118947,3.732869127e-05
ckpt_e323_s504526,323,504526,202633.23336298,453.36961979,8.19809463,3.707522026e-05
ckpt_e324_s506088,324,506088,202010.79939108,432.91067528,9.86064756,3.682242341e-05
ckpt_e325_s507650,325,507650,201392.09994895,562.46075058,16.44244916,3.657031023e-05
ckpt_e326_s509212,326,509212,200777.44597735,455.60185527,9.75843447,3.63188902e-05
ckpt_e327_s510774,327,510774,200166.45092508,437.99410667,9.82955578,3.606817278e-05
ckpt_e328_s512336,328,512336,199558.98319718,447.90992554,9.50622443,3.581816741e-05
ckpt_e329_s513898,329,513898,198954.96136687,449.02513952,9.17364501,3.556888347e-05
ckpt_e330_s515460,330,515460,198355.06419898,519.95007415,10.22990402,3.532033035e-05
ckpt_e331_s517022,331,517022,197758.41247367,430.06779703,10.52078154,3.507251739e-05
ckpt_e332_s518584,332,518584,197165.21199547,416.26696931,8.91547738,3.482545393e-05
ckpt_e333_s520146,333,520146,196575.69847706,505.66603694,10.25474499,3.457914924e-05
ckpt_e334_s521708,334,521708,195989.72232555,410.72562631,8.34972104,3.433361259e-05
ckpt_e335_s523270,335,523270,195407.16039535,403.77207234,7.48865091,3.408885322e-05
ckpt_e336_s524832,336,524832,194828.05918849,468.37329766,11.66357587,3.384488033e-05
ckpt_e337_s526394,337,526394,194252.60665676,446.82039674,9.27102058,3.36017031e-05
ckpt_e338_s527956,338,527956,193680.63420115,392.44023896,9.94640495,3.335933067e-05
ckpt_e339_s529518,339,529518,193111.91538299,447.45413648,10.64575389,3.311777217e-05
ckpt_e340_s531080,340,531080,192546.73316974,470.42428856,11.93428157,3.287703667e-05
ckpt_e341_s532642,341,532642,191984.66846382,428.98163366,9.84744825,3.263713323e-05
ckpt_e342_s534204,342,534204,191425.87981392,399.51196346,8.31117944,3.239807087e-05
ckpt_e343_s535766,343,535766,190870.48578237,448.69753661,10.44089165,3.215985859e-05
ckpt_e344_s537328,344,537328,190318.24933850,490.32528763,15.34913265,3.192250533e-05
ckpt_e345_s538890,345,538890,189769.04731651,451.98851848,8.74770470,3.168602004e-05
ckpt_e346_s540452,346,540452,189223.10475780,489.49261223,10.01762700,3.145041161e-05
ckpt_e347_s542014,347,542014,188680.61234176,408.09614258,9.70982038,3.121568888e-05
ckpt_e348_s543576,348,543576,188140.93026611,393.94065628,8.52297512,3.098186071e-05
ckpt_e349_s545138,349,545138,187604.35933020,398.28777114,11.86926242,3.074893587e-05
ckpt_e350_s546700,350,546700,187071.02722561,392.05186433,9.88177988,3.051692313e-05
ckpt_e351_s548262,351,548262,186540.75795488,392.45888580,8.51139308,3.028583121e-05
ckpt_e352_s549824,352,549824,186013.12997897,388.36291396,9.25525033,3.005566882e-05
ckpt_e353_s551386,353,551386,185488.57399586,389.71213577,7.80617296,2.982644459e-05
ckpt_e354_s552948,354,552948,184966.97209680,414.55106174,9.27752625,2.959816716e-05
ckpt_e355_s554510,355,554510,184448.11055077,393.00539003,9.91380057,2.937084511e-05
ckpt_e356_s556072,356,556072,183932.20795477,450.35349905,9.71014277,2.914448699e-05
ckpt_e357_s557634,357,557634,183419.35714171,386.21208646,7.87717356,2.891910131e-05
ckpt_e358_s559196,358,559196,182909.19497819,380.92340598,7.76061733,2.869469655e-05
ckpt_e359_s560758,359,560758,182401.85390799,374.23929744,7.59556229,2.847128116e-05
ckpt_e360_s562320,360,562320,181897.35471210,384.48511470,8.01227394,2.824886352e-05
ckpt_e361_s563882,361,563882,181395.71358672,373.58554514,8.67088795,2.802745202e-05
ckpt_e362_s565444,362,565444,180897.03408425,389.52786383,8.21949800,2.780705497e-05
ckpt_e363_s567006,363,567006,180401.07946010,434.69664501,13.76782392,2.758768066e-05
ckpt_e364_s568568,364,568568,179907.98339218,393.47881640,9.94617364,2.736933735e-05
ckpt_e365_s570130,365,570130,179417.35735551,385.06340585,8.15522945,2.715203325e-05
ckpt_e366_s571692,366,571692,178929.37170540,374.26553722,8.63243993,2.693577653e-05
ckpt_e367_s573254,367,573254,178444.25757599,379.95438519,9.17944949,2.672057532e-05
ckpt_e368_s574816,368,574816,177961.76684725,435.41518787,9.67773371,2.650643772e-05
ckpt_e369_s576378,369,576378,177481.67931370,370.78705988,8.80466582,2.629337179e-05
ckpt_e370_s577940,370,577940,177004.25243009,393.49291040,9.46569215,2.608138553e-05
ckpt_e371_s579502,371,579502,176529.28842488,386.29925317,7.98611698,2.587048691e-05
ckpt_e372_s581064,372,581064,176057.12655556,382.32444102,8.72491976,2.566068388e-05
ckpt_e373_s582626,373,582626,175587.42837045,409.64713094,8.29408947,2.545198432e-05
ckpt_e374_s584188,374,584188,175120.31125160,405.08164496,10.67277755,2.524439608e-05
ckpt_e375_s585750,375,585750,174655.74304749,434.39822715,13.23334217,2.503792697e-05
ckpt_e376_s587312,376,587312,174193.23863446,355.09554134,7.16482046,2.483258476e-05
ckpt_e377_s588874,377,588874,173733.20944642,377.75665774,9.17188797,2.462837715e-05
ckpt_e378_s590436,378,590436,173275.76214914,357.16022313,8.36733946,2.442531185e-05
ckpt_e379_s591998,379,591998,172820.48274839,395.22443403,10.86486437,2.422339648e-05
ckpt_e380_s593560,380,593560,172367.64537546,366.11857910,8.52037466,2.402263864e-05
ckpt_e381_s595122,381,595122,171917.18440202,393.01384040,9.94492873,2.382304588e-05
ckpt_e382_s596684,382,596684,171469.16256170,373.17632688,8.62060823,2.362462571e-05
ckpt_e383_s598246,383,598246,171023.39618773,374.52634157,9.16118831,2.342738558e-05
ckpt_e384_s599808,384,599808,170579.94084030,368.59594873,8.81097691,2.323133293e-05
ckpt_e385_s601370,385,601370,170138.92104990,387.99019533,10.49279685,2.303647511e-05
ckpt_e386_s602932,386,602932,169700.28337362,380.42215826,11.21923165,2.284281946e-05
ckpt_e387_s604494,387,604494,169263.81162816,378.45781058,9.43382675,2.265037327e-05
ckpt_e388_s606056,388,606056,168829.68870501,349.00781970,8.95872130,2.245914376e-05
ckpt_e389_s607618,389,607618,168397.78253790,387.10009317,9.49404797,2.226913814e-05
ckpt_e390_s609180,390,609180,167967.84534731,345.67008208,8.38246291,2.208036356e-05
ckpt_e391_s610742,391,610742,167540.32695435,385.47881513,10.57626717,2.18928271e-05
ckpt_e392_s612304,392,612304,167115.08722531,362.35336773,9.08447025,2.170653582e-05
ckpt_e393_s613866,393,613866,166691.74869845,364.06397615,10.03699894,2.152149673e-05
ckpt_e394_s615428,394,615428,166270.69704617,342.40932850,8.98924054,2.133771679e-05
ckpt_e395_s616990,395,616990,165851.75817900,355.27431695,10.01647156,2.115520292e-05
ckpt_e396_s618552,396,618552,165435.06978556,356.71014000,9.73553861,2.097396197e-05
ckpt_e397_s620114,397,620114,165020.26416788,349.39273638,7.94437551,2.079400076e-05
ckpt_e398_s621676,398,621676,164607.59143256,335.81852114,9.40069284,2.061532606e-05
ckpt_e399_s623238,399,623238,164197.19693166,331.98736078,7.35084173,2.043794459e-05
ckpt_e400_s624800,400,624800,163788.55822398,350.13517339,8.18679111,2.026186302e-05
ckpt_e401_s626362,401,626362,163381.97028020,323.93677847,8.97725934,2.008708798e-05
ckpt_e402_s627924,402,627924,162977.52383066,338.08313082,8.07296591,1.991362604e-05
ckpt_e403_s629486,403,629486,162574.91990262,342.07563686,8.45960173,1.974148372e-05
ckpt_e404_s631048,404,631048,162174.16141074,331.06436897,7.32594010,1.95706675e-05
ckpt_e405_s632610,405,632610,161775.53891165,329.15498802,7.64781708,1.940118379e-05
ckpt_e406_s634172,406,634172,161378.70661639,337.08494183,7.11434182,1.923303899e-05
ckpt_e407_s635734,407,635734,160984.02029328,340.19218764,8.47110992,1.90662394e-05
ckpt_e408_s637296,408,637296,160591.19175852,339.16651618,8.32872919,1.89007913e-05
ckpt_e409_s638858,409,638858,160200.33068727,352.14203646,8.98784407,1.873670092e-05
ckpt_e410_s640420,410,640420,159811.52634301,373.88675184,9.42708879,1.857397443e-05
ckpt_e411_s641982,411,641982,159424.56771143,362.38848457,7.89986747,1.841261795e-05
ckpt_e412_s643544,412,643544,159039.53345195,328.65475155,7.64216076,1.825263754e-05
ckpt_e413_s645106,413,645106,158656.25148833,334.60037392,8.20686319,1.809403922e-05
ckpt_e414_s646668,414,646668,158274.73500955,331.42385100,8.87899012,1.793682896e-05
ckpt_e415_s648230,415,648230,157895.16307206,319.74177054,7.83698532,1.778101268e-05
ckpt_e416_s649792,416,649792,157517.47254172,323.19047502,7.31105803,1.762659622e-05
ckpt_e417_s651354,417,651354,157141.56153523,347.40049942,9.91758326,1.74735854e-05
ckpt_e418_s652916,418,652916,156767.43044046,352.38190195,8.83117196,1.732198598e-05
ckpt_e419_s654478,419,654478,156395.20424539,316.84400959,7.40475094,1.717180365e-05
ckpt_e420_s656040,420,656040,156024.62105557,337.93335168,8.30541893,1.702304407e-05
ckpt_e421_s657602,421,657602,155655.78392648,339.68832466,8.50869848,1.687571282e-05
ckpt_e422_s659164,422,659164,155288.92137137,330.12238442,8.41467142,1.672981546e-05
ckpt_e423_s660726,423,660726,154923.66037040,318.95413066,8.10820447,1.658535746e-05
ckpt_e424_s662288,424,662288,154560.02999464,319.97409731,8.36648542,1.644234427e-05
ckpt_e425_s663850,425,663850,154198.02042255,321.97074060,8.62400200,1.630078125e-05
ckpt_e426_s665412,426,665412,153837.80937915,342.99235170,7.12218080,1.616067373e-05
ckpt_e427_s666974,427,666974,153479.14603247,334.38138019,10.16702264,1.602202699e-05
ckpt_e428_s668536,428,668536,153122.11491989,329.79942124,8.41558531,1.588484624e-05
ckpt_e429_s670098,429,670098,152766.86711951,324.47558712,8.52114316,1.574913664e-05
ckpt_e430_s671660,430,671660,152413.16028124,348.09649371,8.01847066,1.561490328e-05
ckpt_e431_s673222,431,673222,152061.19895386,377.61910768,8.40798499,1.548215123e-05
ckpt_e432_s674784,432,674784,151710.67281258,320.96362462,10.01066712,1.535088547e-05
ckpt_e433_s676346,433,676346,151362.09633449,365.04703751,9.07479224,1.522111094e-05
ckpt_e434_s677908,434,677908,151015.01048884,312.03802967,6.66849586,1.509283252e-05
ckpt_e435_s679470,435,679470,150669.63474166,327.87348129,7.68533950,1.496605503e-05
ckpt_e436_s681032,436,681032,150325.83228267,313.57767197,7.26367485,1.484078325e-05
ckpt_e437_s682594,437,682594,149983.57980877,326.58606361,7.37330897,1.471702188e-05
ckpt_e438_s684156,438,684156,149642.67181939,331.68615992,8.24470012,1.459477559e-05
ckpt_e439_s685718,439,685718,149303.67625687,325.37438098,8.54021442,1.447404896e-05
ckpt_e440_s687280,440,687280,148965.99413282,323.01355001,7.90667395,1.435484654e-05
ckpt_e441_s688842,441,688842,148629.85912517,326.11446429,6.86395249,1.423717281e-05
ckpt_e442_s690404,442,690404,148295.23381391,317.79433080,8.75495838,1.41210322e-05
ckpt_e443_s691966,443,691966,147962.21885370,321.49855326,7.61259448,1.400642907e-05
ckpt_e444_s693528,444,693528,147630.68854727,318.75375979,7.45730014,1.389336774e-05
ckpt_e445_s695090,445,695090,147300.66752026,329.92154333,8.57814023,1.378185246e-05
ckpt_e446_s696652,446,696652,146971.98995457,326.23352395,7.58161050,1.367188742e-05
ckpt_e447_s698214,447,698214,146644.96770207,301.70935050,7.35474695,1.356347676e-05
ckpt_e448_s699776,448,699776,146319.23079143,307.24042635,8.54653968,1.345662456e-05
ckpt_e449_s701338,449,701338,145994.94272376,311.05201304,7.74791990,1.335133483e-05
ckpt_e450_s702900,450,702900,145672.15688799,320.06521928,7.47947601,1.324761153e-05
ckpt_e451_s704462,451,704462,145350.65183044,304.00367555,7.70306529,1.314545857e-05
ckpt_e452_s706024,452,706024,145030.48897992,310.61517364,7.46894492,1.304487978e-05
ckpt_e453_s707586,453,707586,144711.78818035,303.62078146,8.23584413,1.294587896e-05
ckpt_e454_s709148,454,709148,144394.36487615,309.34254413,6.49305482,1.284845982e-05
ckpt_e455_s710710,455,710710,144078.56009273,318.09480887,8.57539133,1.275262603e-05
ckpt_e456_s712272,456,712272,143764.04107843,310.41899313,7.57105147,1.265838119e-05
ckpt_e457_s713834,457,713834,143450.93835065,302.61461675,7.23314376,1.256572884e-05
ckpt_e458_s715396,458,715396,143139.31555123,305.35325685,6.98978663,1.247467248e-05
ckpt_e459_s716958,459,716958,142829.06422538,318.09319708,7.25791762,1.238521553e-05
ckpt_e460_s718520,460,718520,142520.15162920,302.40531541,7.12117366,1.229736134e-05
ckpt_e461_s720082,461,720082,142212.55157541,300.65244463,9.33420646,1.221111323e-05
ckpt_e462_s721644,462,721644,141906.25035143,323.78215150,7.79253839,1.212647444e-05
ckpt_e463_s723206,463,723206,141601.30901613,297.92371437,7.30030251,1.204344815e-05
ckpt_e464_s724768,464,724768,141297.61972427,295.60742920,8.13026189,1.196203749e-05
ckpt_e465_s726330,465,726330,140995.26094090,297.26438174,8.13034084,1.188224551e-05
ckpt_e466_s727892,466,727892,140694.21530361,304.33982248,7.25135773,1.180407522e-05
ckpt_e467_s729454,467,729454,140394.53629786,293.78538910,7.51516535,1.172752956e-05
ckpt_e468_s731016,468,731016,140096.00831350,295.79123580,7.51051187,1.165261141e-05
ckpt_e469_s732578,469,732578,139798.80810671,322.32785522,9.12511961,1.157932358e-05
ckpt_e470_s734140,470,734140,139502.96195179,306.24256412,7.79841002,1.150766883e-05
ckpt_e471_s735702,471,735702,139208.34139617,287.17955687,6.95965705,1.143764986e-05
ckpt_e472_s737264,472,737264,138914.82634322,291.05158309,7.28786792,1.136926929e-05
ckpt_e473_s738826,473,738826,138622.60466220,287.94821806,7.17861071,1.130252971e-05
ckpt_e474_s740388,474,740388,138331.57462733,305.97362776,8.08032504,1.123743362e-05
ckpt_e475_s741950,475,741950,138041.73695596,300.74413941,8.03604730,1.117398347e-05
ckpt_e476_s743512,476,743512,137753.04138772,295.58903098,7.38428897,1.111218164e-05
ckpt_e477_s745074,477,745074,137465.58530209,296.87108068,7.29374522,1.105203046e-05
ckpt_e478_s746636,478,746636,137179.34086847,297.55465692,7.75003931,1.09935322e-05
ckpt_e479_s748198,479,748198,136894.35703972,299.73538399,7.28016197,1.093668905e-05
ckpt_e480_s749760,480,749760,136610.46155688,303.32879984,7.88999108,1.088150315e-05
ckpt_e481_s751322,481,751322,136327.78017694,295.29770333,7.69678987,1.082797658e-05
ckpt_e482_s752884,482,752884,136046.43054998,295.51058274,7.13651404,1.077611135e-05
ckpt_e483_s754446,483,754446,135766.22995069,289.74869037,8.99919017,1.07259094e-05
ckpt_e484_s756008,484,756008,135487.20477280,282.74333660,6.22074405,1.067737264e-05
ckpt_e485_s757570,485,757570,135209.23337339,296.02129604,7.39938084,1.063050288e-05
ckpt_e486_s759132,486,759132,134932.43710424,298.14658759,7.32282244,1.058530188e-05
ckpt_e487_s760694,487,760694,134656.79798391,280.92690665,7.22218250,1.054177136e-05
ckpt_e488_s762256,488,762256,134382.26509320,300.89444362,9.05792733,1.049991293e-05
ckpt_e489_s763818,489,763818,134108.84184110,290.64773972,7.54813588,1.045972819e-05
ckpt_e490_s765380,490,765380,133836.54532040,312.59902806,7.38206715,1.042121863e-05
ckpt_e491_s766942,491,766942,133565.45727982,293.09419744,6.93533845,1.038438572e-05
ckpt_e492_s768504,492,768504,133295.37528023,299.07152809,7.33470018,1.034923082e-05
ckpt_e493_s770066,493,770066,133026.43121613,296.68270564,6.88263560,1.031575527e-05
ckpt_e494_s771628,494,771628,132758.53945925,303.90457519,6.90416865,1.028396033e-05
ckpt_e495_s773190,495,773190,132491.91322936,282.43751753,6.66115961,1.025384718e-05
ckpt_e496_s774752,496,774752,132226.15568196,277.89545679,7.42229887,1.022541697e-05
ckpt_e497_s776314,497,776314,131961.35924105,277.49604911,6.91871056,1.019867076e-05
ckpt_e498_s777876,498,777876,131697.85350168,288.52646426,7.84922193,1.017360956e-05
ckpt_e499_s779438,499,779438,131435.19245463,287.33485260,7.69450476,1.015023431e-05
ckpt_e500_s781000,500,781000,131173.44783789,293.47482156,7.46903553,1.012854589e-05
ckpt_e501_s782562,501,782562,130912.94177803,285.77870761,7.73764595,1.010854512e-05
ckpt_e502_s784124,502,784124,130653.42479497,280.16793614,6.68324541,1.009023274e-05
ckpt_e503_s785686,503,785686,130394.94918862,295.59448839,7.06285551,1.007360945e-05
ckpt_e504_s787248,504,787248,130137.46527966,278.32319489,6.87826547,1.005867588e-05
ckpt_e505_s788810,505,788810,129881.03418021,290.08458121,8.65057056,1.004543257e-05
ckpt_e506_s790372,506,790372,129625.75897038,282.42220721,6.28792160,1.003388004e-05
ckpt_e507_s791934,507,791934,129371.40180776,282.17434866,6.95736548,1.002401871e-05
ckpt_e508_s793496,508,793496,129118.06618514,282.86375480,6.93743243,1.001584896e-05
ckpt_e509_s795058,509,795058,128865.78474001,290.97969012,7.70384004,1.00093711e-05
ckpt_e510_s796620,510,796620,128614.28109180,296.35360324,7.79914969,1.000458536e-05
ckpt_e511_s798182,511,798182,128363.94345910,281.13507895,7.17397289,1.000149193e-05
ckpt_e512_s799744,512,799744,128114.58216495,286.22781797,8.02256444,1.000009092e-05
ckpt_e512_s800256,512,800256,128033.05550542,292.81485066,7.96990361,1e-05
