ckpt_name,epoch,step,avg_loss,acc_mean,acc_median,acc_std,acc_tail,lr
ckpt_e1_s1562.safetensors,1,1562,5937418.948048,548.779724,3.277944,2293.324707,1029.464355,0.00009998
ckpt_e2_s3124.safetensors,2,3124,6144715.508937,546.201355,3.125672,2290.747803,1026.266113,0.00009991
ckpt_e3_s4686.safetensors,3,4686,5840951.673433,544.194946,2.623165,2287.567383,1023.594910,0.00009980
ckpt_e4_s6248.safetensors,4,6248,5753004.274649,542.701172,2.882896,2283.716309,1021.476685,0.00009963
ckpt_e5_s7810.safetensors,5,7810,5875108.300765,543.783569,5.303495,2278.901855,1022.094971,0.00009943
ckpt_e6_s9372.safetensors,6,9372,6012516.317278,538.396423,2.377192,2274.893066,1015.595581,0.00009917
ckpt_e7_s10934.safetensors,7,10934,5490486.792869,536.200684,2.322843,2269.963135,1012.458374,0.00009887
ckpt_e8_s12496.safetensors,8,12496,5838661.263021,533.969788,2.484926,2264.497559,1009.274109,0.00009852
ckpt_e9_s14058.safetensors,9,14058,5890023.257346,531.560059,2.594879,2258.796143,1005.857971,0.00009813
ckpt_e10_s15620.safetensors,10,15620,5643124.965181,529.082947,2.724963,2252.832275,1002.263428,0.00009769
ckpt_e11_s17182.safetensors,11,17182,5630982.268929,526.030273,2.315418,2246.520020,997.890076,0.00009721
ckpt_e12_s18744.safetensors,12,18744,5705622.079694,523.258301,2.371177,2239.990479,993.910706,0.00009668
ckpt_e13_s20306.safetensors,13,20306,5593993.651829,521.038025,3.156041,2232.958740,990.426575,0.00009611
ckpt_e14_s21868.safetensors,14,21868,6048090.560930,517.519714,2.700956,2225.770020,985.429810,0.00009549
ckpt_e15_s23430.safetensors,15,23430,5354664.550843,514.069824,2.298774,2218.632324,980.510315,0.00009484
ckpt_e16_s24992.safetensors,16,24992,5988520.523646,511.024292,2.588182,2210.779785,975.985718,0.00009414
ckpt_e17_s26554.safetensors,17,26554,4802468.136376,507.903137,2.675165,2203.321289,971.430115,0.00009340
ckpt_e18_s28116.safetensors,18,28116,5115811.809386,505.923096,4.118628,2195.034424,967.877625,0.00009262
ckpt_e19_s29678.safetensors,19,29678,4710140.633095,501.131653,2.681081,2187.295410,961.385071,0.00009180
ckpt_e20_s31240.safetensors,20,31240,4763755.046519,498.036102,2.986217,2179.165283,956.642212,0.00009094
ckpt_e21_s32802.safetensors,21,32802,4743035.410008,494.860291,3.526928,2170.552734,951.846924,0.00009005
ckpt_e22_s34364.safetensors,22,34364,4563667.457829,491.445740,3.748036,2161.942139,946.765381,0.00008911
ckpt_e23_s35926.safetensors,23,35926,4433032.411171,488.076538,3.819205,2153.447754,941.716614,0.00008814
ckpt_e24_s37488.safetensors,24,37488,4540511.065117,483.652588,2.975481,2144.527100,935.391785,0.00008714
ckpt_e25_s39050.safetensors,25,39050,5205197.500715,479.544403,2.690567,2135.233643,929.463196,0.00008610
ckpt_e26_s40612.safetensors,26,40612,5443545.339360,476.466888,3.371233,2125.959229,924.777771,0.00008504
ckpt_e27_s42174.safetensors,27,42174,5066209.878001,472.468689,2.827994,2117.257568,918.968323,0.00008393
ckpt_e28_s43736.safetensors,28,43736,4995849.904101,469.360413,2.841729,2108.774658,914.208313,0.00008280
ckpt_e29_s45298.safetensors,29,45298,5077657.153175,466.225494,4.032185,2099.418213,909.319275,0.00008164
ckpt_e30_s46860.safetensors,30,46860,5130444.496714,462.257690,3.555959,2090.582764,903.599609,0.00008045
ckpt_e31_s48422.safetensors,31,48422,4726037.710353,458.685913,3.662669,2081.760254,898.191711,0.00007924
ckpt_e32_s49984.safetensors,32,49984,5039330.548892,454.989685,3.576777,2072.771240,892.671082,0.00007800
ckpt_e33_s51546.safetensors,33,51546,5014594.508111,451.067505,3.005021,2064.336914,887.026184,0.00007673
ckpt_e34_s53108.safetensors,34,53108,4805063.878328,447.890350,3.383487,2055.587402,882.187500,0.00007545
ckpt_e35_s54670.safetensors,35,54670,4793885.193790,444.335297,3.305756,2046.916260,876.934814,0.00007414
ckpt_e36_s56232.safetensors,36,56232,4897699.120890,448.015594,10.892792,2037.493530,878.901794,0.00007281
ckpt_e37_s57794.safetensors,37,57794,4714343.640371,437.494843,3.132686,2030.084717,866.620117,0.00007146
ckpt_e38_s59356.safetensors,38,59356,5165356.144353,434.119507,3.145563,2021.427979,861.493713,0.00007010
ckpt_e39_s60918.safetensors,39,60918,4547658.907009,430.895905,3.127829,2013.359863,856.595520,0.00006872
ckpt_e40_s62480.safetensors,40,62480,5086586.373825,429.233063,4.801319,2004.841064,853.400208,0.00006732
ckpt_e41_s64042.safetensors,41,64042,4054979.304800,424.904694,3.256496,1997.443359,847.314819,0.00006591
ckpt_e42_s65604.safetensors,42,65604,4369795.674365,423.314941,4.143906,1989.452881,844.437988,0.00006449
ckpt_e43_s67166.safetensors,43,67166,3933196.720090,422.382904,7.027226,1981.228271,841.660828,0.00006306
ckpt_e44_s68728.safetensors,44,68728,3991031.037285,416.468842,3.652278,1974.018066,834.089355,0.00006163
ckpt_e45_s70290.safetensors,45,70290,3989404.540281,413.132141,3.152194,1966.537109,829.273743,0.00006018
ckpt_e46_s71852.safetensors,46,71852,3876019.286053,410.353210,3.229859,1959.055054,824.940796,0.00005873
ckpt_e47_s73414.safetensors,47,73414,3689961.860331,408.542603,3.916163,1951.946289,821.884338,0.00005728
ckpt_e48_s74976.safetensors,48,74976,3767257.353359,405.589935,3.581245,1944.835571,817.593628,0.00005582
ckpt_e49_s76538.safetensors,49,76538,4448788.028257,402.397064,3.060140,1937.529663,812.646484,0.00005436
ckpt_e50_s78100.safetensors,50,78100,4625012.649261,401.433838,5.112469,1930.211548,810.630920,0.00005291
ckpt_e51_s79662.safetensors,51,79662,4296199.121701,398.896515,4.936676,1923.650635,806.657043,0.00005145
ckpt_e52_s81224.safetensors,52,81224,4251821.569979,395.648010,3.557094,1917.730835,801.903015,0.00005000
ckpt_e53_s82786.safetensors,53,82786,4308003.048744,393.954987,4.394244,1911.104980,799.046997,0.00004856
ckpt_e54_s84348.safetensors,54,84348,4472461.804703,390.941711,3.395472,1905.113281,794.518372,0.00004712
ckpt_e55_s85910.safetensors,55,85910,3981713.564946,389.308441,4.046096,1899.299438,791.761353,0.00004569
ckpt_e56_s87472.safetensors,56,87472,4243101.484552,386.467834,3.207752,1893.688965,787.816589,0.00004427
ckpt_e57_s89034.safetensors,57,89034,4293627.192212,386.235657,5.276974,1887.835938,786.588013,0.00004286
ckpt_e58_s90596.safetensors,58,90596,4131976.749401,382.431335,3.111476,1882.590332,781.523132,0.00004146
ckpt_e59_s92158.safetensors,59,92158,4147642.699482,380.523651,3.075778,1877.302979,778.518433,0.00004008
ckpt_e60_s93720.safetensors,60,93720,4140572.569558,379.085388,3.479346,1872.173096,776.212158,0.00003871
ckpt_e61_s95282.safetensors,61,95282,4111079.978037,377.813110,3.939661,1867.191772,773.928223,0.00003736
ckpt_e62_s96844.safetensors,62,96844,4439090.093650,375.321686,3.107717,1862.459473,770.203674,0.00003603
ckpt_e63_s98406.safetensors,63,98406,3903163.829827,373.797058,3.285187,1857.943237,767.849182,0.00003472
ckpt_e64_s99968.safetensors,64,99968,4463843.945950,372.325653,3.250780,1853.354004,765.622192,0.00003343
ckpt_e65_s101530.safetensors,65,101530,3432275.425134,370.789093,3.189660,1849.598389,763.028687,0.00003216
ckpt_e66_s103092.safetensors,66,103092,3868623.000228,369.190277,3.043271,1845.437744,760.570679,0.00003092
ckpt_e67_s104654.safetensors,67,104654,3464603.414374,367.934814,3.207014,1841.511841,758.644226,0.00002970
ckpt_e68_s106216.safetensors,68,106216,3519769.467481,368.232361,4.759079,1837.644897,758.384460,0.00002851
ckpt_e69_s107778.safetensors,69,107778,3484265.686088,365.415131,3.081764,1834.430054,754.547729,0.00002734
ckpt_e70_s109340.safetensors,70,109340,3292292.458868,364.244110,3.211049,1830.867188,752.751221,0.00002621
ckpt_e71_s110902.safetensors,71,110902,3338784.784266,363.384247,3.288166,1827.386230,751.466675,0.00002510
ckpt_e72_s112464.safetensors,72,112464,3356614.844173,366.289032,8.153229,1823.363037,753.257935,0.00002403
ckpt_e73_s114026.safetensors,73,114026,3987326.855972,361.135590,3.476300,1820.818481,747.911621,0.00002299
ckpt_e74_s115588.safetensors,74,115588,4174073.730547,360.666779,4.096912,1817.751709,746.846069,0.00002198
ckpt_e75_s117150.safetensors,75,117150,3850883.550225,370.250000,15.692374,1813.117432,756.427856,0.00002101
ckpt_e76_s118712.safetensors,76,118712,3808675.706496,358.762268,3.130211,1812.696167,744.269531,0.00002007
ckpt_e77_s120274.safetensors,77,120274,3906180.741040,357.458313,3.383335,1809.839600,742.324585,0.00001917
ckpt_e78_s121836.safetensors,78,121836,4007917.012748,356.609863,3.383006,1807.380371,740.841675,0.00001831
ckpt_e79_s123398.safetensors,79,123398,3691909.497377,355.692657,3.078123,1804.954468,739.742310,0.00001748
ckpt_e80_s124960.safetensors,80,124960,3915831.995510,355.621521,3.871816,1802.840332,739.384521,0.00001670
ckpt_e81_s126522.safetensors,81,126522,3953501.371898,354.146912,3.127187,1800.668457,737.147400,0.00001595
ckpt_e82_s128084.safetensors,82,128084,3729880.928975,353.439240,3.081598,1798.616211,736.121277,0.00001525
ckpt_e83_s129646.safetensors,83,129646,3773388.424444,352.964783,3.320462,1796.699219,735.365173,0.00001459
ckpt_e84_s131208.safetensors,84,131208,3943374.920604,352.222504,3.140968,1794.733643,734.293457,0.00001397
ckpt_e85_s132770.safetensors,85,132770,3803065.764844,351.667633,3.244128,1792.924438,733.449402,0.00001339
ckpt_e86_s134332.safetensors,86,134332,4128138.204796,351.413391,3.479486,1791.291992,732.768250,0.00001286
ckpt_e87_s135894.safetensors,87,135894,3662625.361314,350.365112,2.987550,1789.623657,731.384583,0.00001237
ckpt_e88_s137456.safetensors,88,137456,4235080.655575,350.551636,3.870471,1787.916992,731.631287,0.00001192
ckpt_e89_s139018.safetensors,89,139018,3269006.114739,349.441193,3.089482,1786.578125,729.919556,0.00001153
ckpt_e90_s140580.safetensors,90,140580,3629169.146466,349.005615,3.091670,1785.065796,729.347229,0.00001117
ckpt_e91_s142142.safetensors,91,142142,3269980.987286,348.675690,3.256641,1783.616089,728.628662,0.00001086
ckpt_e92_s143704.safetensors,92,143704,3254087.693582,348.119568,3.133069,1782.277710,728.004700,0.00001060
ckpt_e93_s145266.safetensors,93,145266,3342684.718921,347.567535,3.044605,1780.997925,727.002380,0.00001039
ckpt_e94_s146828.safetensors,94,146828,3156786.450409,347.805176,3.696339,1779.527100,727.073975,0.00001022
ckpt_e95_s148390.safetensors,95,148390,3173353.867799,346.846771,3.057427,1778.438599,725.818604,0.00001010
ckpt_e96_s149952.safetensors,96,149952,3175177.745241,347.271729,4.222217,1776.844849,725.683411,0.00001003
ckpt_e97_s151514.safetensors,97,151514,3778937.403441,345.859375,3.037822,1775.883667,723.894897,0.00001000
